geometry,name,public_transport,railway,ref,station,subway,old_name,operator,wikidata,wikimedia_commons,wikipedia,start_date,website,wheelchair,network,operator:short,train,network:short,network:wikidata,name:ja,name:pt,toilets:wheelchair,addr:city,addr:street,addr:suburb,operator:wikidata,internet_access,gtfs_id,construction,name:etymology:wikidata,short_name,alt_name,bicycle,addr:housenumber,addr:postcode,official_name,monorail,fixme,platforms,source:alt_name,building,planned,addr:country,bench,layer,lit,opening_hours,shelter,source,surface,toilets,wheelchair:description,height,addr:state,contact:facebook,contact:flickr,contact:instagram,contact:phone,contact:twitter,contact:website,contact:youtube,min_height,wheelchair:description:pt,check_date,construction:railway,opening_date,type,highway,waterway,access,entrance,description,is_in,level,departures_board,elevator
POINT (-46.6251282 -23.5156407),Portuguesa - Tietê,stop_position,stop,TTE,subway,yes,,,,,,,,,,,,,,,,,,,,,,,,,,,,,,,,,,,,,,,,,,,,,,,,,,,,,,,,,,,,,,,,,,,,,,
POINT (-46.6357176 -23.5549556),Japão - Liberdade,stop_position,stop,LIB,subway,yes,Liberdade,,,,,,,,,,,,,,,,,,,,,,,,,,,,,,,,,,,,,,,,,,,,,,,,,,,,,,,,,,,,,,,,,,,,,
POINT (-46.6911243 -23.5464956),Vila Madalena,station,station,VMD,subway,yes,,Metropolitano de São Paulo,Q5244825,Category:Vila Madalena (São Paulo Metro),pt:Estação Vila Madalena,,,,,,,,,,,,,,,,,,,,,,,,,,,,,,,,,,,,,,,,,,,,,,,,,,,,,,,,,,,,,,,,,
POINT (-46.6336146 -23.5370674),Luz,stop_position,stop,LUZ,subway,yes,,,Q15243160,Category:Luz (São Paulo Metro),pt:Estação Luz,,,,,,,,,,,,,,,,,,,,,,,,,,,,,,,,,,,,,,,,,,,,,,,,,,,,,,,,,,,,,,,,,
POINT (-46.6523004 -23.5977998),AACD – Servidor,stop_position,stop,,subway,yes,,,Q5908613,Category:AACD - Servidor (São Paulo Metro),pt:Estação AACD-Servidor,2018-08-31,,,,,,,,,,,,,,,,,,,,,,,,,,,,,,,,,,,,,,,,,,,,,,,,,,,,,,,,,,,,,,,,
POINT (-46.6392744 -23.547819),Anhangabaú,station,station,GBU,subway,yes,,Metropolitano de São Paulo,Q4764340,Category:Anhangabaú (São Paulo Metro),pt:Estação Anhangabaú,,http://www.metro.sp.gov.br/redes/vermelha/teanhangabau.shtml,yes,,,,,,,,,,,,,,,,,,,,,,,,,,,,,,,,,,,,,,,,,,,,,,,,,,,,,,,,,,,,,,
POINT (-46.6159196 -23.5478581),Brás,station,station,BAS,subway,yes,,Metropolitano de São Paulo,Q9295692,Category:Brás train station,pt:Estação Brás,,,,,,,,,,,,,,,,,,,,,,,,,,,,,,,,,,,,,,,,,,,,,,,,,,,,,,,,,,,,,,,,,
POINT (-46.6259819 -23.5496994),Pedro II,station,station,PDS,subway,yes,,Metropolitano de São Paulo,Q7159656,Category:Pedro II (São Paulo Metro),pt:Estação Pedro II,,,,,,,,,,,,,,,,,,,,,,,,,,,,,,,,,,,,,,,,,,,,,,,,,,,,,,,,,,,,,,,,,
POINT (-46.5894536 -23.592614),Tamanduateí,station,station,TMD,,,,Companhia Paulista de Trens Metropolitanos,Q7680683,Category:Tamanduateí train station,pt:Estação Tamanduateí,,,,CPTM,CPTM,yes,,,,,,,,,,,,,,,,,,,,,,,,,,,,,,,,,,,,,,,,,,,,,,,,,,,,,,,,,,,
POINT (-46.5895167 -23.5927867),Tamanduateí,station,station,TTI,subway,yes,,Metropolitano de São Paulo,Q85805078,Category:Tamanduateí (São Paulo Metro),en:Tamanduateí (São Paulo Metro),,,,,,,,,,,,,,,,,,,,,,,,,,,,,,,,,,,,,,,,,,,,,,,,,,,,,,,,,,,,,,,,,
POINT (-46.596628 -23.5824859),Ipiranga,station,station,,,,,Companhia Paulista de Trens Metropolitanos,Q10275874,Category:Ipiranga train station,pt:Estação Ipiranga,,,,Companhia Paulista de Trens Metropolitanos,CPTM,yes,CPTM,Q1121227,,,,,,,,,,,,,,,,,,,,,,,,,,,,,,,,,,,,,,,,,,,,,,,,,,,,,,,,,
POINT (-46.6911827 -23.5852388),Cidade Jardim,station,station,,,,,ViaMobilidade Linhas 8 e 9,Q10275649,Category:Cidade Jardim train station,pt:Estação Cidade Jardim,,,yes,,,yes,,,,,,,,,,,,,,,,,,,,,,,,,,,,,,,,,,,,,,,,,,,,,,,,,,,,,,,,,,,
POINT (-46.7425282 -23.5374904),Ceasa,station,station,,,,,ViaMobilidade Linhas 8 e 9,Q10275638,Category:Ceasa train station,pt:Estação Ceasa,,,,,,yes,,,,,,,,,,,,,,,,,,,,,,,,,,,,,,,,,,,,,,,,,,,,,,,,,,,,,,,,,,,
POINT (-46.7328528 -23.5459874),Villa Lobos - Jaguaré,station,station,,,,,,Q10276226,Category:Villa Lobos-Jaguaré train station,pt:Estação Villa Lobos-Jaguaré,,,,Companhia Paulista de Trens Metropolitanos,,yes,CPTM,Q1121227,,,,,,,,,,,,,,,,,,,,,,,,,,,,,,,,,,,,,,,,,,,,,,,,,,,,,,,,,
POINT (-46.7118744 -23.5575973),Cidade Universitária,station,station,USP,,,,,Q10275651,Category:Cidade Universitária train station,pt:Estação Cidade Universitária,,,,Companhia Paulista de Trens Metropolitanos,,yes,CPTM,Q1121227,大学都市,Cidade Universitária,,,,,,,,,,,,,,,,,,,,,,,,,,,,,,,,,,,,,,,,,,,,,,,,,,,,,,,
POINT (-46.7030554 -23.5664259),Pinheiros,station,station,,,,,ViaMobilidade Linhas 8 e 9,Q85793391,Category:Pinheiros train station,en:Pinheiros (CPTM),,,,,,yes,,,,,,,,,,,,,,,,,,,,,,,,,,,,,,,,,,,,,,,,,,,,,,,,,,,,,,,,,,,
POINT (-46.698645 -23.5735742),Hebraica - Rebouças,station,station,,,,Eusébio Matoso,ViaMobilidade Linhas 8 e 9,Q10275851,Category:Estação Hebraica-Rebouças,pt:Estação Hebraica-Rebouças,,,yes,Companhia Paulista de Trens Metropolitanos,,yes,CPTM,Q1121227,,,,,,,,,,,,,,,,,,,,,,,,,,,,,,,,,,,,,,,,,,,,,,,,,,,,,,,,,
POINT (-46.69678 -23.6047104),Berrini,station,station,,,,,ViaMobilidade Linhas 8 e 9,Q10275601,Category:Berrini train station,pt:Estação Berrini,,,yes,,,yes,,,,,,,,,,,,,,,,,,,,,,,,,,,,,,,,,,,,,,,,,,,,,,,,,,,,,,,,,,,
POINT (-46.7016426 -23.6215931),Morumbi,station,station,,,,,ViaMobilidade Linhas 8 e 9,Q10275996,Category:Morumbi (São Paulo Metro),pt:Estação Morumbi,,,,,,yes,,,,,,,,,,,,,,,,,,,,,,,,,,,,,,,,,,,,,,,,,,,,,,,,,,,,,,,,,,,
POINT (-46.6927321 -23.5933691),Vila Olímpia,station,station,,,,,ViaMobilidade Linhas 8 e 9,Q10276222,Category:Vila Olímpia train station,pt:Estação Vila Olímpia,,,yes,,,yes,,,,,,,,,,,,,,,,,,,,,,,,,,,,,,,,,,,,,,,,,,,,,,,,,,,,,,,,,,,
POINT (-46.7120009 -23.6275329),Granja Julieta,station,station,,,,,ViaMobilidade Linhas 8 e 9,Q10275834,Category:Granja Julieta train station,pt:Estação Granja Julieta,,,yes,,,yes,,,,,,,,,,,,,,,,,,,,,,,,,,,,,,,,,,,,,,,,,,,,,,,,,,,,,,,,,,,
POINT (-46.7209734 -23.6556547),Santo Amaro,station,station,STA,subway,yes,,ViaMobilidade Linhas 5 e 17,Q5244808,,,,,,,,,,,,,,,,,,,,,,,,,,,,,,,,,,,,,,,,,,,,,,,,,,,,,,,,,,,,,,,,,,,
POINT (-46.7191156 -23.6562303),Santo Amaro,station,station,,,,,ViaMobilidade Linhas 8 e 9,Q5244808,,,,,,,,yes,,,,,,,,,,,,,,,,,,,,,,,,,,,,,,,,,,,,,,,,,,,,,,,,,,,,,,,,,,,
POINT (-46.7109557 -23.6632621),Socorro,station,station,,,,,ViaMobilidade Linhas 8 e 9,Q10276152,,,,,,,,yes,,,,,,,,,,,,,,,,,,,,,,,,,,,,,,,,,,,,,,,,,,,,,,,,,,,,,,,,,,,
POINT (-46.7023123 -23.6773038),Jurubatuba,station,station,,,,,ViaMobilidade Linhas 8 e 9,Q10275904,,,,,,,,yes,,,,,,,,,,,,,,,,,,,,,,,,,,,,,,,,,,,,,,,,,,,,,,,,,,,,,,,,,,,
POINT (-46.6883227 -23.7059766),Autódromo,station,station,,,,,ViaMobilidade Linhas 8 e 9,Q10275586,,,,,,,,yes,,,,,,,,,,,,,,,,,,,,,,,,,,,,,,,,,,,,,,,,,,,,,,,,,,,,,,,,,,,
POINT (-46.691768 -23.7228667),Primavera - Interlagos,station,station,,,,,ViaMobilidade Linhas 8 e 9,Q17599941,,,,,yes,,,yes,,,,,no,,,,,,,,,,,,,,,,,,,,,,,,,,,,,,,,,,,,,,,,,,,,,,,,,,,,,,
POINT (-46.697 -23.7363933),Grajaú,station,station,,,,,ViaMobilidade Linhas 8 e 9,Q10275832,,,,,yes,,,yes,,,,,yes,,,,,,,,,,,,,,,,,,,,,,,,,,,,,,,,,,,,,,,,,,,,,,,,,,,,,,
POINT (-46.7445117 -23.4697253),Vila Clarice,station,station,VCL,,,,TIC Trens,Q8779178,Category:Vila Clarice train station,pt:Estação Vila Clarice,,,,Companhia Paulista de Trens Metropolitanos,,yes,CPTM,Q1121227,,,,São Paulo,Rua Maria José Vasconcelos Mankel,Vila Clarice,,,,,,,,,,,,,,,,,,,,,,,,,,,,,,,,,,,,,,,,,,,,,,,,,,,
POINT (-46.7457694 -23.6402476),Vila das Belezas,station,station,VBE,subway,yes,,ViaMobilidade Linhas 5 e 17,Q5845376,,,,,,,,,,,,,,,,,,,,,,,,,,,,,,,,,,,,,,,,,,,,,,,,,,,,,,,,,,,,,,,,,,,
POINT (-46.6334463 -23.5504428),Sé,station,station,PSE,subway,yes,,Metropolitano de São Paulo,Q3132156,Category:Sé (São Paulo Metro),pt:Estação Sé (Metrô de São Paulo),,,,,,no,,,セー,Sé,,,,,,,,,,,,,,,,,,,,,,,,,,,,,,,,,,,,,,,,,,,,,,,,,,,,,,,
POINT (-46.642665 -23.5440945),República,station,station,REP,subway,yes,,ViaQuatro,Q7314773,Category:República (São Paulo Metro),pt:Estação República (Metrô de São Paulo),,,,,,no,,,,,,,,,,,,,,,,,,,,,,,,,,,,,,,,,,,,,,,,,,,,,,,,,,,,,,,,,,,
POINT (-46.5766424 -23.5402524),Tatuapé,station,station,TAT,subway,yes,,Metropolitano de São Paulo,Q7688505,"Category:Tatuapé (São Paulo Metro, CPTM)",pt:Estação Tatuapé,,,,,,yes,,,,,,,,,,,,,,,,,,,,,,,,,,,,,,,,,,,,,,,,,,,,,,,,,,,,,,,,,,,
POINT (-46.7019515 -23.567249),Pinheiros,station,station,PIN,subway,yes,,ViaQuatro,Q7195875,Category:Pinheiros (São Paulo Metro),pt:Terminal Intermodal Pinheiros,,,yes,,,,,,,,,,,,,,,,,,,,,,,,,,,,,,,,,,,,,,,,,,,,,,,,,,,,,,,,,,,,,,
POINT (-46.6025552 -23.6012824),Sacomã,station,station,SAC,subway,yes,,Metropolitano de São Paulo,Q7396901,Category:Sacomã (São Paulo Metro),pt:Terminal Intermodal Sacomã,,,limited,,,,,,,,,,,,,,,,,,,,,,,,,,,,,,,,,,,,,,,,,,,,,,,,,,,,,,,,,,,,,,
POINT (-46.7101664 -23.6544576),Largo Treze,station,station,LTR,subway,yes,,ViaMobilidade Linhas 5 e 17,,,,,,,Metroviária,,,,,,,,,,,Q55962686,,,,,,,,,,,,,,,,,,,,,,,,,,,,,,,,,,,,,,,,,,,,,,,,,,
POINT (-46.6124857 -23.6022366),Alto do Ipiranga,station,station,AIP,subway,yes,,Metropolitano de São Paulo,Q4736839,Category:Alto do Ipiranga (São Paulo Metro),pt:Estação Alto do Ipiranga,,,,,,,,,,,,,,,,,,,,,,,,,,,,,,,,,,,,,,,,,,,,,,,,,,,,,,,,,,,,,,,,,
POINT (-46.7472687 -23.4379051),Vila Aurora,station,station,,,,,TIC Trens,Q10276217,Category:Vila Aurora train station,pt:Estação Vila Aurora,,,,Companhia Paulista de Trens Metropolitanos,,yes,CPTM,Q1121227,,,,,,,,no,,,,,,,,,,,,,,,,,,,,,,,,,,,,,,,,,,,,,,,,,,,,,,,,,
POINT (-46.7536959 -23.4049219),Perus,station,station,PRU,,,,TIC Trens,Q8779091,,pt:Estação Perus,,,,Companhia Paulista de Trens Metropolitanos,,yes,CPTM,Q1121227,,,,São Paulo,Travessa Cambaratiba,Perus,,,6201704,,,,,,,,,,,,,,,,,,,,,,,,,,,,,,,,,,,,,,,,,,,,,,,,
POINT (-46.7040355 -23.5175159),Lapa (Linha 7),station,station,LPA,,,,TIC Trens,Q8779041,,pt:Estação Lapa (Linha 7),,,,Companhia Paulista de Trens Metropolitanos,,yes,CPTM,Q1121227,,,,,,,,,,,,,,,,,,,,,,,,,,,,,,,,,,,,,,,,,,,,,,,,,,,,,,,,,
POINT (-46.7148182 -23.5039805),Piqueri,station,station,PQR,,,,TIC Trens,Q8779097,Category:Piqueri train station,pt:Estação Piqueri,,,,CPTM,,yes,,,,,,,,,,,,,,,,,,,,,,,,,,,,,,,,,,,,,,,,,,,,,,,,,,,,,,,,,,,
POINT (-46.7259968 -23.4885033),Pirituba,station,station,PRT,,,,TIC Trens,Q8779100,Category:Pirituba train station,pt:Estação Pirituba,,,,CPTM,,yes,,,,,,,,,,,,,,,,,,,,,,,,,,,,,,,,,,,,,,,,,,,,,,,,,,,,,,,,,,,
POINT (-46.6885155 -23.5212579),Água Branca,station,station,ABR,,,,TIC Trens,Q8842747,Category:Água Branca train station,pt:Estação Água Branca,,,,Companhia Paulista de Trens Metropolitanos,,yes,CPTM,Q1121227,,,,,,,,,,,,,,,,,,,,,,,,,,,,,,,,,,,,,,,,,,,,,,,,,,,,,,,,,
POINT (-46.4481313 -23.5417667),Dom Bosco,station,station,,,,,Companhia Paulista de Trens Metropolitanos,Q10275693,,,,,,,CPTM,yes,,,,,,,,,,,,,,,,,,,,,,,,,,,,,,,,,,,,,,,,,,,,,,,,,,,,,,,,,,,
POINT (-46.4316726 -23.5391227),José Bonifácio,station,station,,,,,Companhia Paulista de Trens Metropolitanos,Q10275901,,,,,,,CPTM,yes,,,,,,,,,,,,,,,,,,,,,,,,,,,,,,,,,,,,,,,,,,,,,,,,,,,,,,,,,,,
POINT (-46.6991734 -23.5199997),Lapa - Senac (Linha 8),station,station,,,,,ViaMobilidade Linhas 8 e 9,,,,,,,Ferroviária,,yes,,,,,,,,,,,,,,,,,,,,,,,,,,,,,,,,,,,,,,,,,,,,,,,,,,,,,,,,,,,
POINT (-46.6675134 -23.5254616),Palmeiras - Barra Funda,station,station,,,,Barra Funda,Companhia Paulista de Trens Metropolitanos;ViaMobilidade Linhas 8 e 9;TIC Trens,Q3293864,Category:Palmeiras-Barra Funda station,pt:Terminal Intermodal Palmeiras-Barra Funda,,,,,,yes,,,,,,,,,,wlan,,,,,,,,,,,,,,,,,,,,,,,,,,,,,,,,,,,,,,,,,,,,,,,,,
POINT (-46.6674683 -23.5259743),Palmeiras - Barra Funda,station,station,BFU,subway,yes,Barra Funda,Metropolitano de São Paulo,Q15265202,Category:Palmeiras–Barra Funda (São Paulo Metro),en:Palmeiras–Barra Funda (São Paulo Metro),,,,,,,,,,,,,,,,,,,,,,,,,,,,,,,,,,,,,,,,,,,,,,,,,,,,,,,,,,,,,,,,,
POINT (-46.7216717 -23.5187866),Domingos de Moraes,station,station,,,,,ViaMobilidade Linhas 8 e 9,Q10275692,Category:Domingos de Moraes train station,pt:Estação Domingos de Moraes,,,,,,yes,,,,,,,,,,,,,,,,,,,,,,,,,,,,,,,,,,,,,,,,,,,,,,,,,,,,,,,,,,,
POINT (-46.7376007 -23.523724),Imperatriz Leopoldina,station,station,,,,,ViaMobilidade Linhas 8 e 9,Q10275869,,pt:Estação Imperatriz Leopoldina,,,,,,yes,,,,,,,,,,,,,,,,,,,,,,,,,,,,,,,,,,,,,,,,,,,,,,,,,,,,,,,,,,,
POINT (-46.6392228 -23.5626798),São Joaquim,,construction,JQM,subway,yes,,,Q7665498,Category:São Joaquim (São Paulo Metro),pt:Estação São Joaquim,,,,,,,,,,,,,,,,,,station,,,,,,,,,,,,,,,,,,,,,,,,,,,,,,,,,,,,,,,,,,,,,,,
POINT (-46.3857398 -23.4850264),Jardim Romano,station,station,,,,,Companhia Paulista de Trens Metropolitanos,Q10275891,,,,,,,CPTM,yes,,,,,,,,,,,,,,,,,,,,,,,,,,,,,,,,,,,,,,,,,,,,,,,,,,,,,,,,,,,
POINT (-46.4021616 -23.4939849),Itaim Paulista,station,station,,,,,Companhia Paulista de Trens Metropolitanos,Q10275880,,,,,,,CPTM,yes,,,,,,,,,,,,,,,,,,,,,,,,,,,,,,,,,,,,,,,,,,,,,,,,,,,,,,,,,,,
POINT (-46.4214717 -23.4926864),Jardim Helena - Vila Mara,station,station,,,,,Companhia Paulista de Trens Metropolitanos,Q10275890,,,,,,,CPTM,yes,,,,,,,,,,,,,,,,,,,,,,,,,,,,,,,,,,,,,,,,,,,,,,,,,,,,,,,,,,,
POINT (-46.4822879 -23.4851147),Comendador Ermelino,station,station,,,,,Companhia Paulista de Trens Metropolitanos,Q10275661,,,,,,,CPTM,yes,,,,,,,,,,,,,,,,,,,,,,,,,,,,,,,,,,,,,,,,,,,,,,,,,,,,,,,,,,,
POINT (-46.6409603 -23.5753859),Paraíso,station,station,PSO,subway,yes,,Metropolitano de São Paulo,Q5244701,Category:Paraíso (São Paulo Metro),pt:Estação Paraíso (Metrô de São Paulo),,,,,,,,,,,,,,,,,,,,,,,,,,,,,,,,,,,,,,,,,,,,,,,,,,,,,,,,,,,,,,,,,
POINT (-46.6399175 -23.5685349),Vergueiro,station,station,VGO,subway,yes,,Metropolitano de São Paulo,Q7921287,Category:Vergueiro (São Paulo Metro),pt:Estação Vergueiro,1975,,yes,,,,,,,,,,,,,,,,Q18482978,,,,,,,,,,,,,,,,,,,,,,,,,,,,,,,,,,,,,,,,,,,,,,
POINT (-46.641295 -23.6350111),Conceição,station,station,CON,subway,yes,,Metropolitano de São Paulo,Q5158299,,,,,,,,,,,,,,,,,,,,,,,,,,,,,,,,,,,,,,,,,,,,,,,,,,,,,,,,,,,,,,,,,,,
POINT (-46.6306807 -23.5926813),Chácara Klabin,station,station,CKB,subway,yes,,Metropolitano de São Paulo;ViaMobilidade Linhas 5 e 17,Q5118642,Category:Chácara Klabin (São Paulo Metro),pt:Estação Chácara Klabin,2006,,yes,,,,,,,,,,,,,,,,,,,,,,,,,,,,,,,,,,,,,,,,,,,,,,,,,,,,,,,,,,,,,,
POINT (-46.7042057 -23.6500726),Adolfo Pinheiro,station,station,ADP,subway,yes,,ViaMobilidade Linhas 5 e 17,Q4684268,Category:Adolfo Pinheiro (São Paulo Metro),pt:Estação Adolfo Pinheiro,2014-02-12,,yes,Metroviária,,,,,,,,,,,Q55962686,,,,,,,,,,,,,,,,,,,,,,,,,,,,,,,,,,,,,,,,,,,,,,,,,,
POINT (-46.6032701 -23.4800747),Tucuruvi,station,station,TUC,subway,yes,,Metropolitano de São Paulo,Q3309828,,,,,,,,,,,,,,,,,,,,,,,,,,,,,,,,,,,,,,,,,,,,,,,,,,,,,,,,,,,,,,,,,,,
POINT (-46.638396 -23.5813085),Ana Rosa,station,station,ANR,subway,yes,,Metropolitano de São Paulo,Q4750505,Category:Ana Rosa (São Paulo Metro),pt:Estação Ana Rosa,,,yes,,,,,,,,,,,,,,,,,,,,,,,,,,,,,,,,,,,,,,,,,,,,,,,,,,,,,,,,,,,,,,
POINT (-46.581938 -23.584427),Vila Prudente,station,station,VPT,subway,yes,,Metropolitano de São Paulo,Q5692522,Category:Vila Prudente (São Paulo Metro),pt:Terminal Intermodal Vila Prudente,,,,,,,,,,,,,,,,,,,,,,,,,,,,,,,,,,,,,,,,,,,,,,,,,,,,,,,,,,,,,,,,,
POINT (-46.6477629 -23.568589),Brigadeiro,station,station,BGD,subway,yes,,Metropolitano de São Paulo,Q2925324,Category:Brigadeiro (São Paulo Metro),pt:Estação Brigadeiro,,,,,,,,,,,,,,,,,,,,,,,,,,,,,,,,,,,,,,,,,,,,,,,,,,,,,,,,,,,,,,,,,
POINT (-46.6410462 -23.6463382),Jabaquara,station,station,JAB,subway,yes,,Metropolitano de São Paulo,Q5244789,,pt:Terminal Intermodal Jabaquara,,,,,,,,,,,,,,,,,,,,,,,,,,,,,,,,,,,,,,,,,,,,,,,,,,,,,,,,,,,,,,,,,
POINT (-46.6346681 -23.5891777),Vila Mariana,station,station,VMN,subway,yes,,Metropolitano de São Paulo,Q5686126,Category:Vila Mariana (São Paulo Metro),pt:Estação Vila Mariana,,https://en.wikipedia.org/wiki/Vila_Mariana_(S%C3%A3o_Paulo_Metro),no,,,,,,,,,,,,,wlan,,,,,,,,,,,,,,,,,,,,,,,,,,,,,,,,,,,,,,,,,,,,,,,,,
POINT (-46.6170103 -23.4924029),Jardim São Paulo - Ayrton Senna,station,station,JPA,subway,yes,,Metropolitano de São Paulo,Q5244694,Category:Jardim São Paulo-Ayrton Senna (São Paulo Metro),pt:Estação Jardim São Paulo-Ayrton Senna,,,yes,,,,,,,,,,,,,,,,,,,,,,,,,,,,,,,,,,,,,,,,,,,,,,,,,,,,,,,,,,,,,,
POINT (-46.6405646 -23.5332165),Júlio Prestes,station,station,,,,,ViaMobilidade Linhas 8 e 9,Q3297457,Category:Estação Júlio Prestes,pt:Estação Júlio Prestes,,,,,,yes,,,,,,,,,,,,,,,,,,,,,,,,,,,,,,,,,,,,,,,,,,,,,,,,,,,,,,,,,,,
POINT (-46.6164435 -23.5453263),Brás,station,station,,,,Roosevelt,Companhia Paulista de Trens Metropolitanos,Q9295692,Category:Brás train station,pt:Estação Brás,,,,,CPTM,yes,,,,,,,,,,,,,,,,,,,,,,,,,,,,,,,,,,,,,,,,,,,,,,,,,,,,,,,,,,,
POINT (-46.5198952 -23.498095),Engenheiro Goulart,station,station,,,,,Companhia Paulista de Trens Metropolitanos,Q10275733,File:Estação Engenheiro Goulart.jpg,pt:Estação Engenheiro Goulart,,,,CPTM,CPTM,yes,,,,,,,,,,,,,,Eng° Goulart,,,,,,,,,,,,,,,,,,,,,,,,,,,,,,,,,,,,,,,,,,,,,
POINT (-46.65231 -23.5978465),AACD – Servidor,stop_position,stop,,subway,yes,,,Q5908613,Category:AACD - Servidor (São Paulo Metro),pt:Estação AACD-Servidor,2018-08-31,,,,,,,,,,,,,,,,,,,,,,,,,,,,,,,,,,,,,,,,,,,,,,,,,,,,,,,,,,,,,,,,
POINT (-46.6994196 -23.6416337),Alto da Boa Vista,station,station,ABA,subway,yes,,ViaMobilidade Linhas 5 e 17,Q2883491,,pt:Estação Alto da Boa Vista,2017-09-06,,yes,,,,,,,,,,,,,,,,,,,,,,,,,,,,,,,,,,,,,,,,,,,,,,,,,,,,,,,,,,,,,,
POINT (-46.6881279 -23.6268017),Brooklin,station,station,BCB,subway,yes,,ViaMobilidade Linhas 5 e 17,Q4974689,Category:Brooklin (São Paulo Metro),pt:Estação Brooklin,2017-09-06,,yes,,,,,,,,,,,,,,,,,,,,,,,,,,,,,,,,,,,,,,,,,,,,,,,,,,,,,,,,,,,,,,
POINT (-46.6928675 -23.6334661),Borba Gato,station,station,BGT,subway,yes,,ViaMobilidade Linhas 5 e 17,Q4944343,,pt:Estação Borba Gato,2017-09-06,,yes,,,,,,,,,,,,,,,,,,,,,,,,,,,,,,,,,,,,,,,,,,,,,,,,,,,,,,,,,,,,,,
POINT (-46.6612661 -23.5466053),Estação FAAP-Pacaembu,,construction,,subway,yes,,,Q30926626,Category:FAAP-Pacaembu (São Paulo Metro),pt:Estação FAAP–Pacaembu,,,,,,,,,,,,,,,,,,station,,,,,,,,,,,,,,,,,,,,,,,,,,,,,,,,,,,,,,,,,,,,,,,
POINT (-46.6491026 -23.5569841),Estação 14 Bis,,construction,,subway,yes,,,Q30929992,Category:14 Bis (São Paulo Metro),pt:Estação 14 Bis–Saracura,,,,,,,,,,,,,,,,,,station,,,,,,,,,,,,,,,,,,,,,,,,,,,,,,,,,,,,,,,,,,,,,,,
POINT (-46.6448661 -23.561769),Estação Bela Vista,,construction,,subway,yes,,,Q30939051,Category:Bela Vista (São Paulo Metro),pt:Estação Bela Vista (Metrô de São Paulo),,,,,,,,,,,,,,,,,,station,,,,,,,,,,,,,,,,,,,,,,,,,,,,,,,,,,,,,,,,,,,,,,,
POINT (-46.6688272 -23.5388112),Estação PUC-Cardoso de Almeida,,construction,,subway,yes,,,Q30929852,Category:PUC-Cardoso de Almeida (São Paulo Metro),pt:Estação PUC–Cardoso de Almeida,,,,,,,,,,,,,,,,,,station,,PUC,,,,,,,,,,,,,,,,,,,,,,,,,,,,,,,,,,,,,,,,,,,,,
POINT (-46.6936708 -23.5017431),Estação Freguesia do Ó,,construction,,subway,yes,,,Q25448241,,pt:Estação Freguesia do Ó,,,,,,,,,,,,,,,,,,station,,,,,,,,,,,,,,,,,,,,,,,,,,,,,,,,,,,,,,,,,,,,,,,
POINT (-46.6916573 -23.5140579),Estação Santa Marina,,construction,,subway,yes,,,Q41344200,Category:Santa Marina (São Paulo Metro),pt:Estação Santa Marina,,,,,,,,,,,,,,,,,,station,,,,,,,,,,,,,,,,,,,,,,,,,,,,,,,,,,,,,,,,,,,,,,,
POINT (-46.6881222 -23.5205317),Estação de Metrô Água Branca,,construction,,subway,yes,,,Q85817186,Category:Água Branca (São Paulo Metro),en:Água Branca (São Paulo Metro),,,,,,,,,,,,,,,,,,station,,,,,,,,,,,,,,,,,,,,,,,,,,,,,,,,,,,,,,,,,,,,,,,
POINT (-46.6832718 -23.5273009),Estação SESC-Pompéia,,construction,,subway,yes,,,Q28679219,Category:SESC-Pompeia (São Paulo Metro),pt:Estação Sesc-Pompeia,,,,,,,,,,,,,,,,,,station,,,,,,,,,,,,,,,,,,,,,,,,,,,,,,,,,,,,,,,,,,,,,,,
POINT (-46.6766071 -23.5320727),Estação Perdizes,,construction,,subway,yes,,,Q30926628,Category:Perdizes (São Paulo Metro),pt:Estação Perdizes,,,,,,,,,,,,,,,,,,station,,,,,,,,,,,,,,,,,,,,,,,,,,,,,,,,,,,,,,,,,,,,,,,
POINT (-46.6979422 -23.4706077),Estação Brasilândia,,construction,,subway,yes,,,Q28679200,,pt:Estação Brasilândia,,,,,,,,,,,,,,,,,,station,,,,,,,,,,,,,,,,,,,,,,,,,,,,,,,,,,,,,,,,,,,,,,,
POINT (-46.6936541 -23.4855451),Estação Itaberaba,,construction,,subway,yes,,,Q28679217,,pt:Estação Itaberaba,,,,,,,,,,,,,,,,,,station,,,,,,,,,,,,,,,,,,,,,,,,,,,,,,,,,,,,,,,,,,,,,,,
POINT (-46.6914385 -23.4935836),Estação João Paulo I,,construction,,subway,yes,,,Q26257444,Category:João Paulo I (São Paulo Metro),pt:Estação João Paulo I,,,,,,,,,,,,,,,,,,station,,,,,,,,,,,,,,,,,,,,,,,,,,,,,,,,,,,,,,,,,,,,,,,
POINT (-46.6841386 -23.5662284),Fradique Coutinho,station,station,FRA,subway,yes,,ViaQuatro,Q5477606,Category:Fradique Coutinho (São Paulo Metro),pt:Estação Fradique Coutinho,,,yes,,,,,,,,,,,,,,,,,,,,,,,,,,,,,,,,,,,,,,,,,,,,,,,,,,,,,,,,,,,,,,
POINT (-46.6622682 -23.5552461),Paulista - Pernambucanas,station,station,PTA,subway,yes,,ViaQuatro,Q8779085,Category:Paulista (São Paulo Metro),pt:Estação Paulista,,,yes,,,,,,パウリスタ,,,,,,,,,,,,Paulista;Paulista do metrô,yes,,,,,,,,,,,,,,,,,,,,,,,,,,,,,,,,,,,,,,,,,,,
POINT (-46.6544552 -23.5505177),Estação Higienópolis-Mackenzie (Linha 6),,construction,,subway,yes,,,Q8779002,Category:Higienópolis-Mackenzie (São Paulo Metro),pt:Estação Higienópolis–Mackenzie,,,,,,,,,,,,,,,,,,station,,,,,,,,,,,,,,,,,,,,,,,,,,,,,,,,,,,,,,,,,,,,,,,
POINT (-46.6325376 -23.5309113),Tiradentes,station,station,TRD,subway,yes,,Metropolitano de São Paulo,Q7809083,Category:Tiradentes (São Paulo Metro),pt:Estação Tiradentes,,http://www.metro.sp.gov.br/sua-viagem/linha-1-azul/estacao-tiradentes.aspx,,Linha 1,,,,,,,,São Paulo,Avenida Tiradentes,Bom Retiro,,,,,,,,,551,01101-010,,,,,,,,,,,,,,,,,,,,,,,,,,,,,,,,,,,,,,,,,
POINT (-46.6409209 -23.6258085),São Judas,station,station,JUD,subway,yes,,Metropolitano de São Paulo,Q7665592,Category:São Judas (São Paulo Metro),pt:Estação São Judas,,,yes,,,,,,,,,,,,,,,,,,,,,,,,,,,,,,,,,,,,,,,,,,,,,,,,,,,,,,,,,,,,,,
POINT (-46.6391896 -23.6182458),Saúde – Ultrafarma,station,station,SAU,subway,yes,,Metropolitano de São Paulo,Q5244817,Category:Saúde (São Paulo Metro),pt:Estação Saúde,,,,,,,,,,,,,,,,,,,,,Estação Saúde;Estação Saúde Ultrafarma,,,,Saúde,,,,,,,,,,,,,,,,,,,,,,,,,,,,,,,,,,,,,,,,
POINT (-46.6379193 -23.6105051),Praça da Árvore,station,station,ARV,subway,yes,,Metropolitano de São Paulo,Q7239119,Category:Praça da Árvore (São Paulo Metro),pt:Estação Praça da Árvore,,,,,,,,,,,,,,,,,,,,,,,,,,,,,,,,,,,,,,,,,,,,,,,,,,,,,,,,,,,,,,,,,
POINT (-46.6366883 -23.5990715),Santa Cruz,station,station,SCZ,subway,yes,,Metropolitano de São Paulo,Q7419392,Category:Santa Cruz (São Paulo Metro),pt:Estação Santa Cruz (Metrô de São Paulo),,,,,,,,,,,,,,,,,,,,,,,,,,,,,,,,,,,,,,,,,,,,,,,,,,,,,,,,,,,,,,,,,
POINT (-46.6939585 -23.5672551),Faria Lima,station,station,FAL,subway,yes,,ViaQuatro,Q5435213,Category:Faria Lima (São Paulo Metro),pt:Estação Faria Lima,,,,,,,,,,,,,,,,,,,,,,,,,,,,,,,,,,,,,,,,,,,,,,,,,,,,,,,,,,,,,,,,,
POINT (-46.6605373 -23.557818),Consolação,station,station,CNS,subway,yes,,Metropolitano de São Paulo,Q2994646,Category:Consolação (São Paulo Metro),pt:Estação Consolação,,,,,,,,,,,,,,,,,,,,,,,,,,,,,,,,,,,,,,,,,,,,,,,,,,,,,,,,,,,,,,,,,
POINT (-46.6542028 -23.5633121),Trianon-Masp,station,station,TRI,subway,yes,Trianon,Metropolitano de São Paulo,Q3071513,Category:Trianon-Masp (São Paulo Metro),pt:Estação Trianon-Masp,,,yes,,,,,,,,,,,,,,,,,,,,,,,,,,,,,,,,,,,,,,,,,,,,,,,,,,,,,,,,,,,,,,
POINT (-46.6708841 -23.554051),Clínicas,station,station,CLI,subway,yes,,Metropolitano de São Paulo,Q5137302,Category:Clínicas (São Paulo Metro),pt:Estação Clínicas,,,yes,,,yes,,,,,,,,,,,,,,,,,,,,,,,,,,,,,,,,,,,,,,,,,,,,,,,,,,,,,,,,,,,
POINT (-46.6523049 -23.5489592),Higienópolis-Mackenzie,station,station,HIG,subway,yes,,ViaQuatro,Q8779002,Category:Higienópolis-Mackenzie (São Paulo Metro),pt:Estação Higienópolis–Mackenzie,2018-01-23,,yes,,,,,,,,,,,,,,,,,Higienópolis,,,,,,,,,,,,,,,,,,,,,,,,,,,,,,,,,,,,,,,,,,,,,
POINT (-46.7339828 -23.6439301),Giovanni Gronchi,station,station,GGR,subway,yes,,ViaMobilidade Linhas 5 e 17,Q5563882,,,,,,,,,,,,,,,,,,,,,,,,,,,,,,,,,,,,,,,,,,,,,,,,,,,,,,,,,,,,,,,,,,,
POINT (-46.7680006 -23.6591689),Capão Redondo,station,station,CPR,subway,yes,,ViaMobilidade Linhas 5 e 17,Q5037175,,,,,,,,,,,,,,,,,,,,,,,,,,,,,,,,,,,,,,,,,,,,,,,,,,,,,,,,,,,,,,,,,,,
POINT (-46.7080896 -23.5718995),Butantã,station,station,BUT,subway,yes,,ViaQuatro,Q5002360,Category:Butantã (São Paulo Metro),pt:Estação Butantã,,,,,,,,,,,,,,,,,,,,,,,,,,,,,,,,,,,,,,,,,,,,,,,,,,,,,,,,,,,,,,,,,
POINT (-46.6558993 -23.5339809),Marechal Deodoro,station,station,DEO,subway,yes,,Metropolitano de São Paulo,Q6758759,Category:Marechal Deodoro (São Paulo Metro),pt:Estação Marechal Deodoro,,,,,,,,,,,,,,,,,,,,,,,,,,,,,,,,,,,,,,,,,,,,,,,,,,,,,,,,,,,,,,,,,
POINT (-46.6775867 -23.5510281),Santuário Nossa Senhora de Fátima - Sumaré,station,station,SUM,subway,yes,Sumaré,Metropolitano de São Paulo,Q3065820,Category:Santuário Nossa Senhora de Fátima-Sumaré (São Paulo Metro),pt:Estação Santuário Nossa Senhora de Fátima-Sumaré,,,yes,,,,,,,,,,,,,,,,,,,,,,,,,,,,,,,,,,,,,,,,,,,,,,,,,,,,,,,,,,,,,,
POINT (-46.561639 -23.5821023),Oratório,station,station,ORT,,,,Metropolitano de São Paulo,Q10276020,Category:Oratório (São Paulo Metro),pt:Estação Oratório,,,,,,,,,,,,,,,,,,,,,,,,,,yes,,,,,,,,,,,,,,,,,,,,,,,,,,,,,,,,,,,,,,,
POINT (-46.6344383 -23.5353887),Luz,station,station,LUZ,subway,yes,,ViaQuatro,,,,,,,,,yes,,,,,,,,,,,,,,,,,,,,,,,,,,,,,,,,,,,,,,,,,,,,,,,,,,,,,,,,,,,
POINT (-46.589615 -23.5428718),Belém,station,station,BEL,subway,yes,,Metropolitano de São Paulo,Q4884965,Category:Belém (São Paulo Metro),pt:Estação Belém,,,,,,,,,,,,,,,,,,,,,,,,,,,,,,,,,,,,,,,,,,,,,,,,,,,,,,,,,,,,,,,,,
POINT (-46.6069301 -23.546504),Bresser-Mooca,station,station,BRE,subway,yes,Bresser,Metropolitano de São Paulo,Q4961886,Category:Bresser–Mooca (São Paulo Metro),pt:Estação Bresser-Mooca,,,,,,,,,,,,,,,,,,,,,,,,,,,,,,,,,,,,,,,,,,,,,,,,,,,,,,,,,,,,,,,,,
POINT (-46.5834369 -23.5845945),Vila Prudente,station,station,VPM,,,,Metropolitano de São Paulo,Q5692522,Category:Vila Prudente (São Paulo Metro),pt:Terminal Intermodal Vila Prudente,,,,,,,,,,,,,,,,,,,,,,,,,,yes,,,,,,,,,,,,,,,,,,,,,,,,,,,,,,,,,,,,,,,
POINT (-46.6489566 -23.5393238),Santa Cecília,station,station,CEC,subway,yes,,Metropolitano de São Paulo,Q7419299,Category:Santa Cecília (São Paulo Metro),pt:Estação Santa Cecília,,,,,,,,,,,,,,,,,,,,,,,,,,,,,,,,,,,,,,,,,,,,,,,,,,,,,,,,,,,,,,,,,
POINT (-46.4847063 -23.5402438),Artur Alvim,station,station,ART,subway,yes,,Metropolitano de São Paulo,Q4801591,,,,,,,,,,,,,,,,,,,,,,,,,,,,,,,,,,,,,,,,,,,,,,,,,,,,,,,,,,,,,,,,,,,
POINT (-46.5426688 -23.5334949),Penha - Lojas Besni,station,station,PEN,subway,yes,,Metropolitano de São Paulo,Q7162810,,,,,,,,,,,,,,,,,,,,,,,,,,,Penha,,,,,,,,,,,,,,,,,,,,,,,,,,,,,,,,,,,,,,,,
POINT (-46.5308731 -23.5319166),Vila Matilde,station,station,VTD,subway,yes,,Metropolitano de São Paulo,Q7929998,,,,,,,,,,,,,,,,,,,,,,,,,,,,,,,,,,,,,,,,,,,,,,,,,,,,,,,,,,,,,,,,,,,
POINT (-46.5166401 -23.5293046),Guilhermina-Esperança,station,station,VPA,subway,yes,Rincão;Vila Esperança,Metropolitano de São Paulo,Q5615996,,,,,,,,,,,,,,,,,,,,,,,,,,,,,,,,,,,,,,,,,,,,,,,,,,,,,,,,,,,,,,,,,,,
POINT (-46.5015767 -23.5310464),Patriarca • Vila Ré,station,station,PCA,subway,yes,Patriarca,Metropolitano de São Paulo,Q7145249,,pt:Estação Patriarca - Vila Ré,,,,,,,,,,,,,,,,,,,,,,,,,,,,,,,,,,,,,,,,,,,,,,,,,,,,,,,,,,,,,,,,,
POINT (-46.6356017 -23.5551768),Japão - Liberdade,station,station,LIB,subway,yes,Liberdade,Metropolitano de São Paulo,Q6541063,Category:Japão-Liberdade (São Paulo Metro),pt:Estação Japão-Liberdade,,,,,,,,,,,,,,,,,,,,,,,,,,,,,,,,,,,,,,,,,,,,,,,,,,,,,,,,,,,,,,,,,
POINT (-46.634311 -23.5440297),São Bento,station,station,BTO,subway,yes,,Metropolitano de São Paulo,Q7665407,Category:São Bento (São Paulo Metro),pt:Estação São Bento (Metrô de São Paulo),,,,,,,,,,,,,,,,,,,,,,,,,,,,,,,,,,,,,,,,,,,,,,,,,,,,,,,,,,,,,,,,,
POINT (-46.5642624 -23.5378874),Carrão – Assaí Atacadista,station,station,CAR,subway,yes,,Metropolitano de São Paulo,Q5046842,Category:Carrão (São Paulo Metro),pt:Estação Carrão,,,,,,,,,,,,São Paulo,,,,,,,,,Estação Carrão;Estação Carrão Assaí Atacadista;Metrô Carrão,,,,Carrão,,,,,,,,,,,,,,,,,,,,,,,,,,,,,,,,,,,,,,,,
POINT (-46.4712065 -23.5422994),Corinthians-Itaquera,station,station,ITQ,subway,yes,Corinthians Paulista;Itaquera,Metropolitano de São Paulo,Q5170696,,,,,,CPTM;Metrô,,yes,,,,,,,,,,,,,,,,,,,,,,,,,,,,,,,,,,,,,,,,,,,,,,,,,,,,,,,,,,,
POINT (-46.7884264 -23.4044763),Corredor,,station,,,,,,,,,,https://www.estacoesferroviarias.com.br/c/corredor.htm,,,,,,,,,,,,,,,,,,,,,,,,,,,,,,,,,,,,,,,,,,,,,,,,,,,,,,,,,,,,,,,
POINT (-46.6621333 -23.603776),Moema,station,station,MOE,subway,yes,,ViaMobilidade Linhas 5 e 17,Q6890218,Category:Moema (São Paulo Metro),pt:Estação Moema,2018-04-05,,,,,,,,,,,,,,,,,,,,,,,,,,,,,,,,,,,,,,,,,,,,,,,,,,,,,,,,,,,,,,,,
POINT (-46.5155569 -23.6029647),Vila União,station,station,VUN,,,,Metropolitano de São Paulo,Q18475867,Category:Vila União (São Paulo Metro),pt:Estação Vila União (Metrô de São Paulo),2018-04-06,,,,,,,,,,,,,,,,,,,,,,,,,yes,,,,,,,,,,,,,,,,,,,,,,,,,,,,,,,,,,,,,,,
POINT (-46.5272167 -23.6008345),Vila Tolstói,station,station,VTL,,,,Metropolitano de São Paulo,Q18475862,Category:Vila Tolstói (São Paulo Metro),pt:Estação Vila Tolstói,2018-04-06,,,,,,,,,,,,,,,,,,,,,,,,,yes,,,,,,,,,,,,,,,,,,,,,,,,,,,,,,,,,,,,,,,
POINT (-46.5375762 -23.5955395),Camilo Haddad,station,station,CAD,,,,Metropolitano de São Paulo,Q18475274,Category:Camilo Haddad (São Paulo Metro),pt:Estação Camilo Haddad,2018-04-06,,,,,,,,,,,,,,,,,,,,,,,,,yes,,,,,,,,,,,,,,,,,,,,,,,,,,,,,,,,,,,,,,,
POINT (-46.5446352 -23.5889345),São Lucas,station,station,SLU,,,,Metropolitano de São Paulo,Q18475809,Category:São Lucas (São Paulo Metro),pt:Estação São Lucas,2018-04-06,,,,,,,,,,,,,,,,,,,,,,,,,yes,,,,,,,,,,,,,,,,,,,,,,,,,,,,,,,,,,,,,,,
POINT (-46.6523883 -23.5978482),AACD – Servidor,station,station,SER,subway,yes,,ViaMobilidade Linhas 5 e 17,Q5908613,Category:AACD - Servidor (São Paulo Metro),pt:Estação AACD-Servidor,2018-08-31,,,Linha 5 - Lilás,,,,,,,,,,,,,,,,,,,,,,,,,,,,,,,,,,,,,,,,,,,,,,,,,,,,,,,,,,,,,
POINT (-46.6455913 -23.5983833),Hospital São Paulo,station,station,HSP,subway,yes,,ViaMobilidade Linhas 5 e 17,Q7929982,Category:Hospital São Paulo (São Paulo Metro),pt:Estação Hospital São Paulo,2018-09-28,,,,,,,,,,,,,,,,,,,,,,,,,,,,,,,,,,,,,,,,,,,,,,,,,,,,,,,,,,,,,,,,
POINT (-46.7239121 -23.5861368),São Paulo – Morumbi,station,station,MBI,subway,yes,Morumbi,ViaQuatro,Q9290828,Category:São Paulo–Morumbi (São Paulo Metro),pt:Estação São Paulo-Morumbi,2018-10-27,,,,,,,,,,,,,,,,,,,,São Paulo-Morumbi,,,,,,,,,,,,,,,,,,,,,,,,,,,,,,,,,,,,,,,,,,,,
POINT (-46.6370429 -23.5984141),Santa Cruz,station,station,SCZ,subway,yes,,ViaMobilidade Linhas 5 e 17,Q7419392,Category:Santa Cruz (São Paulo Metro),pt:Estação Santa Cruz (Metrô de São Paulo),2018-09-28,,yes,,,,,,,,,,,,,no,,,,,,,,,,,,,,,,,,,,,,,,,,,,,,,,,,,,,,,,,,,,,,,,,
POINT (-46.6822684 -23.6187309),Campo Belo,station,station,CPB,subway,yes,,ViaMobilidade Linhas 5 e 17,Q8076578,Category:Campo Belo (São Paulo Metro),pt:Estação Campo Belo,2019-04-08,,yes,,,,,,,,,,,,,,,,,,,,,,,,,,,,,,,,,,,,,,,,,,,,,,,,,,,,,,,,,,,,,,
POINT (-46.7718503 -23.3976784),Mineral,station,station,,,,,,,,,,https://peruspirapora.com.br/,,,,,,,,,,,,,,,,,,,Parada Mineral,,,,,,confirmar posição,,,,,,,,,,,,,,,,,,,,,,,,,,,,,,,,,,,,,,
POINT (-46.8193835 -23.401639),Santa Fé,,station,,,,,,,,,,https://www.estacoesferroviarias.com.br/s/santafe-efpp.htm,,,,,,,,,,,,,,,,,,,,,,,,,,,,,,,,,,,,,,,,,,,,,,,,,,,,,,,,,,,,,,,
POINT (-46.4773036 -23.6123188),São Mateus,station,station,MAT,,,,Metropolitano de São Paulo,Q19707353,Category:São Mateus (São Paulo Metro),pt:Terminal Intermodal São Mateus (São Paulo),2019-12-16,,,,,,,,,,,,,,,,,,,,,,,,,yes,,,,,,,,,,,,,,,,,,,,,,,,,,,,,,,,,,,,,,,
POINT (-46.4157007 -23.542331),Guaianases,station,station,,,,,Companhia Paulista de Trens Metropolitanos,,,,,,,Companhia Paulista de Trens Metropolitanos,CPTM,yes,CPTM,Q1121227,,,,,,,,,,,,,Guaianazes,,,,,,,4,,,,,,,,,,,,,,,,,,,,,,,,,,,,,,,,,,,,,
POINT (-46.738797 -23.4551129),Jaraguá,station,station,JRG,,,,TIC Trens,Q8779018,Category:Jaraguá train station,pt:Estação Jaraguá,,,,CPTM,,yes,,,,,,,,,,,,,,,Taipas,,,,,,,,"Folhas Topográficas da CGG-SP, 1908",,,,,,,,,,,,,,,,,,,,,,,,,,,,,,,,,,,,
POINT (-46.6082755 -23.5580175),Juventus - Mooca,station,station,,,,Mooca,Companhia Paulista de Trens Metropolitanos,Q10275993,Category:Mooca train station,pt:Estação Juventus-Mooca,,,,,CPTM,yes,,,,,,,,,,,,,,,,,,,,,,,,,,,,,,,,,,,,,,,,,,,,,,,,,,,,,,,,,,,
POINT (-46.5076143 -23.6065378),Jardim Planalto,station,station,JPL,,,,Metropolitano de São Paulo,Q19707230,Category:Jardim Planalto (São Paulo Metro),pt:Estação Jardim Planalto,,,,,,,,,,,,São Paulo,Avenida Sapopemba,Sapopemba,,yes,,,,,,,10000,03345-001,,yes,,,,,,,,,,,,,,,,,,,,,,,,,,,,,,,,,,,,,,,
POINT (-46.4874695 -23.6118178),Fazenda da Juta,station,station,FJT,,,,Metropolitano de São Paulo,Q18475332,Category:Fazenda da Juta (São Paulo Metro),pt:Estação Fazenda da Juta,2019-12-16,,,,,,,,,,,,,,,,,,,,,,,,,yes,,,,,,,,,,,,,,,,,,,,,,,,,,,,,,,,,,,,,,,
POINT (-46.5008307 -23.6147062),Sapopemba,station,station,SAP,,,,Metropolitano de São Paulo,Q48855691,Category:Sapopemba (São Paulo Metro),pt:Estação Sapopemba,2019-12-16,https://www.metro.sp.gov.br/sua-viagem/linhas-estacoes/linha-15-prata/estacao-sapopemba/,yes,,,,,,,,,São Paulo,Avenida Sapopemba,Sapopemba,,,,,,,,,11260,,,yes,,,,,,,,,,,,,,,,,,,,,,,,,,,,,,,,,,,,,,,
POINT (-46.5666548 -23.573853),Estação Santa Clara,,construction,,subway,yes,,,Q19707018,,pt:Estação Santa Clara (Metrô de São Paulo),,,,,,,,,,,,,,,,,,station,,,,,,,,,,,,,,,,,,,,,,,,,,,,,,,,,,,,,,,,,,,,,,,
POINT (-46.5665973 -23.5738621),Estação Santa Clara,,construction,,subway,yes,,,Q19707018,,pt:Estação Santa Clara (Metrô de São Paulo),,,,,,,,,,,,,,,,,,station,,,,,,,,,,,,,,,,,,,,,,,,,,,,,,,,,,,,,,,,,,,,,,,
POINT (-46.6994659 -23.4771493),,,construction,,subway,,,,Q28679216,,pt:Estação Maristela,,,,,,,,,,,,,,,,,,station,,,,,,,,,,,,,,,,,,,,,,,,,,,,,,,,,,,,,,,,,,,,,,,
POINT (-46.6995062 -23.4771361),,,construction,,subway,,,,Q28679216,,pt:Estação Maristela,,,,,,,,,,,,,,,,,,station,,,,,,,,,,,,,,,,,,,,,,,,,,,,,,,,,,,,,,,,,,,,,,,
POINT (-46.6978963 -23.4705751),Estação Brasilândia,,construction,,subway,yes,,,Q28679200,,pt:Estação Brasilândia,,,,,,,,,,,,,,,,,,station,,,,,,,,,,,,,,,,,,,,,,,,,,,,,,,,,,,,,,,,,,,,,,,
POINT (-46.6936911 -23.4855675),Estação Itaberaba,,construction,,subway,yes,,,Q28679217,,pt:Estação Itaberaba,,,,,,,,,,,,,,,,,,station,,,,,,,,,,,,,,,,,,,,,,,,,,,,,,,,,,,,,,,,,,,,,,,
POINT (-46.6914028 -23.4936041),Estação João Paulo I,,construction,,subway,yes,,,Q26257444,Category:João Paulo I (São Paulo Metro),pt:Estação João Paulo I,,,,,,,,,,,,,,,,,,station,,,,,,,,,,,,,,,,,,,,,,,,,,,,,,,,,,,,,,,,,,,,,,,
POINT (-46.6936309 -23.5017478),Estação Freguesia do Ó,,construction,,subway,yes,,,Q25448241,,pt:Estação Freguesia do Ó,,,,,,,,,,,,,,,,,,station,,,,,,,,,,,,,,,,,,,,,,,,,,,,,,,,,,,,,,,,,,,,,,,
POINT (-46.6916843 -23.5140958),Estação Santa Marina,,construction,,subway,yes,,,Q41344200,Category:Santa Marina (São Paulo Metro),pt:Estação Santa Marina,,,,,,,,,,,,,,,,,,station,,,,,,,,,,,,,,,,,,,,,,,,,,,,,,,,,,,,,,,,,,,,,,,
POINT (-46.6881689 -23.5205513),Estação de Metrô Água Branca,,construction,,subway,yes,,,Q85817186,Category:Água Branca (São Paulo Metro),en:Água Branca (São Paulo Metro),,,,,,,,,,,,,,,,,,station,,,,,,,,,,,,,,,,,,,,,,,,,,,,,,,,,,,,,,,,,,,,,,,
POINT (-46.6832426 -23.5272624),Estação SESC-Pompéia,,construction,,subway,yes,,,Q28679219,Category:SESC-Pompeia (São Paulo Metro),pt:Estação Sesc-Pompeia,,,,,,,,,,,,,,,,,,station,,,,,,,,,,,,,,,,,,,,,,,,,,,,,,,,,,,,,,,,,,,,,,,
POINT (-46.6766247 -23.5321077),Estação Perdizes,,construction,,subway,yes,,,Q30926628,Category:Perdizes (São Paulo Metro),pt:Estação Perdizes,,,,,,,,,,,,,,,,,,station,,,,,,,,,,,,,,,,,,,,,,,,,,,,,,,,,,,,,,,,,,,,,,,
POINT (-46.6688454 -23.5388435),Estação PUC-Cardoso de Almeida,,construction,,subway,yes,,,Q30929852,Category:PUC-Cardoso de Almeida (São Paulo Metro),pt:Estação PUC–Cardoso de Almeida,,,,,,,,,,,,,,,,,,station,,PUC,,,,,,,,,,,,,,,,,,,,,,,,,,,,,,,,,,,,,,,,,,,,,
POINT (-46.661272 -23.5466468),Estação FAAP-Pacaembu,,construction,,subway,yes,,,Q30926626,Category:FAAP-Pacaembu (São Paulo Metro),pt:Estação FAAP–Pacaembu,,,,,,,,,,,,,,,,,,station,,,,,,,,,,,,,,,,,,,,,,,,,,,,,,,,,,,,,,,,,,,,,,,
POINT (-46.6544918 -23.550543),Estação Higienópolis-Mackenzie (Linha 6),,construction,,subway,yes,,,Q8779002,Category:Higienópolis-Mackenzie (São Paulo Metro),pt:Estação Higienópolis–Mackenzie,,,,,,,,,,,,,,,,,,station,,,,,,,,,,,,,,,,,,,,,,,,,,,,,,,,,,,,,,,,,,,,,,,
POINT (-46.6491389 -23.5570172),Estação 14 Bis,,construction,,subway,yes,,,Q30929992,Category:14 Bis (São Paulo Metro),pt:Estação 14 Bis–Saracura,,,,,,,,,,,,,,,,,,station,,,,,,,,,,,,,,,,,,,,,,,,,,,,,,,,,,,,,,,,,,,,,,,
POINT (-46.6448677 -23.5618044),Estação Bela Vista,,construction,,subway,yes,,,Q30939051,Category:Bela Vista (São Paulo Metro),pt:Estação Bela Vista (Metrô de São Paulo),,,,,,,,,,,,,,,,,,station,,,,,,,,,,,,,,,,,,,,,,,,,,,,,,,,,,,,,,,,,,,,,,,
POINT (-46.6392286 -23.5627134),São Joaquim,,construction,JQM,subway,yes,,,Q7665498,Category:São Joaquim (São Paulo Metro),pt:Estação São Joaquim,,,,,,,,,,,,,,,,,,station,,,,,,,,,,,,,,,,,,,,,,,,,,,,,,,,,,,,,,,,,,,,,,,
POINT (-46.6386084 -23.5615965),São Joaquim,station,station,JQM,subway,yes,,Metropolitano de São Paulo,Q7665498,Category:São Joaquim (São Paulo Metro),pt:Estação São Joaquim,,,,,,,,,,,,,,,,,,,,,,,,,,,,,,,,,,,,,,,,,,,,,,,,,,,,,,,,,,,,,,,,,
POINT (-46.7589484 -23.6492871),Campo Limpo,station,station,CPL,subway,yes,,ViaMobilidade Linhas 5 e 17,Q5028448,,,,,,,,,,,,,,,,,,,,,,,,,,,,,,,,,,,,,,,,,,,,,,,,,,,,,,,,,,,,,,,,,,,
POINT (-46.7235089 -23.6399232),João Dias,station,station,,,,,ViaMobilidade Linhas 8 e 9,Q109476499,,,2021-08-10,,yes,,,yes,,,,,yes,,,,,yes,,,,,,,,,,,,,,,,,,,,,,,,,,,,,,,,,,,,,,,,,,,,,,,,,
POINT (-46.4690648 -23.5992137),Jardim Colonial,station,station,IGT,,,Iguatemi,Metropolitano de São Paulo,Q65173157,Category:Jardim Colonial (São Paulo Metro),pt:Estação Jardim Colonial,,,,,,,,,,,,,,,,,,,,,,,,,,yes,,,,,,,,,,,,,,,,,,,,,,,,,,,,,,,,,,,,,,,
POINT (-46.7092398 -23.7542445),Mendes - Vila Natal,station,station,,,,,ViaMobilidade Linhas 8 e 9,Q18475676,,pt:Estação Mendes–Vila Natal,2021-08-10,,yes,,,yes,,,,,yes,,,,,yes,,,,,,,,,Estação Bruno Covas/Mendes - Vila Natal,,,,,train_station,,,,,,,,,,,,,,,,,,,,,,,,,,,,,,,,,,,
POINT (-46.734809 -23.5934343),Vila Sônia - Professora Elizabeth Tenreiro,station,station,VSO,subway,yes,Vila Sônia,ViaQuatro,Q7930027,Category:Vila Sônia (São Paulo Metro),pt:Terminal Intermodal Vila Sônia,2021-12-17,,,,,,,,,,,,,,,,,,,,,,,,,,,,,,,,,,,,,,,,,,,,,,,,,,,,,,,,,,,,,,,,
POINT (-46.7119508 -23.7702001),Varginha,station,station,,,,,ViaMobilidade Linhas 8 e 9,Q18475846,,,2025-01-27,,,,,yes,,,,,,,,,,,,,,,,,,,,,,,,,,,,,,,,,,,,,,,,,,,,,,,,,,,,,,,,,,,
POINT (-46.7826592 -23.4022752),Parada da Onça,station,station,,,,,,,,,,https://peruspirapora.com.br/,,,,,,,,,,,,,,,,,,,Parada Onça,,,,,,confirmar posição,,,,,,,,,,,,,,,,,,,,,,,,,,,,,,,,,,,,,,
POINT (-46.7431515 -23.6017052),futura Estação Chácara do Jockey,,planned,,subway,,,,Q126734956,,pt:Estação Chácara do Jockey,,,,,,,,,,,,,,,,,,,,,,,,,,,,,,,station,,,,,,,,,,,,,,,,,,,,,,,,,,,,,,,,,,
POINT (-46.5761083 -23.5783638),Estação Orfanato,,construction,,subway,yes,,,Q84048066,,pt:Estação Orfanato,,,,,,,,,,,,,,,,,,station,,,,,,,,,,,,,,,,,,,,,,,,,,,,,,,,,,,,,,,,,,,,,,,
POINT (-46.5761278 -23.5783284),Estação Orfanato,,construction,,subway,yes,,,Q84048066,,pt:Estação Orfanato,,,,,,,,,,,,,,,,,,station,,,,,,,,,,,,,,,,,,,,,,,,,,,,,,,,,,,,,,,,,,,,,,,
POINT (-46.7702936 -23.663829),Estação de Metrô Capão Redondo,station,station,,subway,yes,,ViaMobilidade Linhas 5 e 17,,,,,,,,,,,,,,,,,,,,,,,,,,,,,,,,,,,,,,,,,,,,,,,,,,,,,,,,,,,,,,,,,,,,
POINT (-46.6288763 -23.5251483),Armênia,station,station,,subway,yes,,Metropolitano de São Paulo,,,,,,,Linha 1,,,,,,,,São Paulo,Rua Pedro Vicente,Luz,,,,,,,,,,,,,,,,,,,,,,,,,,,,,,,,,,,,,,,,,,,,,,,,,,,
POINT (-46.6254001 -23.5162359),Portuguesa-Tietê,station,station,,subway,yes,,Metropolitano de São Paulo,,,,,,,Linha 1,,,,,,,,São Paulo,Avenida Cruzeiro do Sul,Santana,,,,,,,,,,,,,,,,,,,,,,,,,,,,,,,,,,,,,,,,,,,,,,,,,,,
POINT (-46.6252025 -23.5091285),Carandiru,station,station,,subway,yes,,Metropolitano de São Paulo,,,,,,,Linha 1,,,,,,,,São Paulo,Avenida Cruzeiro do Sul,Santana,,,,,,,,,,,,,,,,,,,,,,,,,,,,,,,,,,,,,,,,,,,,,,,,,,,
POINT (-46.6250887 -23.5024374),Santana,station,station,,subway,yes,,Metropolitano de São Paulo,,,,,,,Linha 1,,,,,,,,São Paulo,Avenida Cruzeiro do Sul,Santana,,,,,,,,,,,,,,,,,,,,,,,,,,,,,,,,,,,,,,,,,,,,,,,,,,,
POINT (-46.6089306 -23.4870228),Parada Inglesa,station,station,,subway,yes,,Metropolitano de São Paulo,,,,,,,Linha 1,,,,,,,,São Paulo,Avenida Luiz Dumont Villares,Parada Inglesa,,,,,,,,,,,,,,,,,,,,,,,,,,,,,,,,,,,,,,,,,,,,,,,,,,,
"POLYGON ((-46.6248303 -23.502371, -46.6248195 -23.502066, -46.6248125 -23.5018708, -46.6246303 -23.5018699, -46.6246389 -23.5023721, -46.6244141 -23.5023807, -46.6241153 -23.5025253, -46.6241196 -23.5027351, -46.6244324 -23.5027838, -46.6246471 -23.5027784, -46.6246603 -23.5032005, -46.6248564 -23.5031967, -46.6248467 -23.5027754, -46.6250913 -23.5027649, -46.6254204 -23.5027244, -46.6253597 -23.502489, -46.6250586 -23.5023627, -46.6248303 -23.502371), (-46.6244254 -23.502708, -46.6242413 -23.5026765, -46.6244085 -23.5026725, -46.6244047 -23.5025592, -46.6242316 -23.5025647, -46.6244244 -23.502472, -46.6244689 -23.5024708, -46.6244742 -23.5026104, -46.6244779 -23.5027066, -46.6244254 -23.502708))",Santana,station,station,SAN,subway,yes,,ViaMobilidade Linhas 5 e 17,Q7420037,,,1975,,limited,Metrô,,,,,,,,São Paulo,Avenida Cruzeiro do Sul,,,,,,,,,,3173,02031-200,,,,,,transportation,,BR,yes,3,yes,"Mo-Fr 00:00-00:26,04:40-24:00; Sa 04:40-24:00; Su 00:00-01:00,04:00-24:00",yes,,concrete,yes,"Elevador de acesso para pessoas portadoras de deficiência,idosos,gestantes",,,,,,,,,,,,,,,multipolygon,,,,,,,,,
"POLYGON ((-46.6687386 -23.6101998, -46.669081 -23.6099296, -46.6684304 -23.6092596, -46.668079 -23.6095471, -46.6680719 -23.6095618, -46.6680732 -23.6095764, -46.6684975 -23.6100063, -46.6686899 -23.6102012, -46.6687099 -23.6102089, -46.6687386 -23.6101998), (-46.6683737 -23.6097528, -46.6683294 -23.6097242, -46.6682965 -23.6096992, -46.6682673 -23.60967, -46.6682499 -23.6096346, -46.6682377 -23.6096015, -46.6682352 -23.6095795, -46.6682357 -23.6095641, -46.6682401 -23.609553, -46.6682468 -23.6095429, -46.6682571 -23.6095319, -46.66827 -23.6095264, -46.668297 -23.6095205, -46.6683333 -23.6095191, -46.6683784 -23.6095292, -46.6684146 -23.6095479, -46.6684666 -23.6095866, -46.6684929 -23.6096114, -46.6685107 -23.6096293, -46.6685251 -23.6096505, -46.6685265 -23.6096547, -46.6684694 -23.6097065, -46.6684061 -23.6097639, -46.6683737 -23.6097528))",Eucaliptos,station,station,ECT,subway,yes,,ViaMobilidade Linhas 5 e 17,Q8779010,,,2018-03-02,,yes,,,,,,,,,,,,,,,,,,,,,,,,,,,,,,,,,,,,,,,,,,,,,,,,,,,,,multipolygon,pedestrian,,,,,,,,
"POLYGON ((-46.6248766 -23.5091991, -46.6244997 -23.5092091, -46.6244967 -23.5091066, -46.6248754 -23.5090965, -46.6248685 -23.508655, -46.6250393 -23.5086496, -46.6250513 -23.5090873, -46.6250629 -23.5090875, -46.6251888 -23.5090869, -46.6254302 -23.5090858, -46.6254348 -23.5091869, -46.6250646 -23.5091957, -46.6250531 -23.509196, -46.6250761 -23.5098841, -46.6249021 -23.5098873, -46.6248766 -23.5091991))",Carandiru,station,station,CDU,subway,yes,,Metropolitano de São Paulo,Q5037696,,,1975,,limited,,,,,,,,,São Paulo,Avenida Cruzeiro do Sul,,,,,,,,,,2487,02031-000,,,,,,transportation,,BR,yes,3,yes,"Mo-Fr 00:00-00:26,04:40-24:00; Sa 04:40-24:00; Su 00:00-01:00,04:00-24:00",yes,survey,concrete,no,"Elevador de acesso para pessoas portadoras de deficiência,idosos,gestantes",,,,,,,,,,,,,,,,,,,,,,,,
"POLYGON ((-46.6088386 -23.4872708, -46.6088619 -23.487322, -46.6088871 -23.4873122, -46.6090274 -23.4876196, -46.609179 -23.4875608, -46.6090387 -23.4872533, -46.6090633 -23.4872437, -46.6088283 -23.4867284, -46.608803 -23.4867383, -46.6086619 -23.4864289, -46.60851 -23.4864879, -46.6086508 -23.4867968, -46.6086267 -23.4868062, -46.6088208 -23.4872317, -46.6088386 -23.4872708))",Parada Inglesa,station,station,PIG,subway,yes,,Metropolitano de São Paulo,Q5244856,,,,,,,,,,,,,,,,,,,,,,,,,,,,,,,,roof,,,,2,,,,pmsp,,,,15.79,,,,,,,,,,,,,,,,,,,,,,,
"POLYGON ((-46.6289211 -23.5252739, -46.6289932 -23.5253225, -46.6290764 -23.5253769, -46.6291691 -23.5254437, -46.629257 -23.5255093, -46.6293547 -23.5255863, -46.6294373 -23.5256538, -46.6295276 -23.5257324, -46.6295708 -23.525772, -46.6297496 -23.5257144, -46.6297243 -23.5256911, -46.6295703 -23.5255513, -46.6294643 -23.5254631, -46.6292483 -23.5252981, -46.6291195 -23.5252095, -46.6289912 -23.5251259, -46.6289876 -23.5251237, -46.628878 -23.5250572, -46.6288347 -23.525031, -46.628815 -23.5250609, -46.628765 -23.5251367, -46.6287459 -23.5251657, -46.628806 -23.5252024, -46.6288853 -23.5252508, -46.6289211 -23.5252739))",Armênia,station,station,PPQ,subway,yes,Ponte Pequena,Metropolitano de São Paulo,Q5244779,,,1975-09-26,,limited,,,,,,,,,São Paulo,Rua Pedro Vicente,,,,,,,,,,47,,,,,,,transportation,,BR,,2,,"Mo-Fr 00:00-00:26,04:40-24:00; Sa 04:40-24:00; Su 00:00-01:00,04:00-24:00",,pmsp,,yes,,11.47,São Paulo,https://www.facebook.com/metrosp,https://www.flickr.com/photos/metrosp_oficial/,https://www.instagram.com/metrospoficial/,0800-770-7722,@metrosp_oficial,http://www.metro.sp.gov.br/sua-viagem/linha-1-azul/estacao-armenia.aspx,https://www.youtube.com/user/MetrospOficial,4.85,Elevador de acesso para pessoas portadoras de deficiência.,,,,,,,,,,,,,
"POLYGON ((-46.5894187 -23.5432522, -46.5895305 -23.5432749, -46.5895726 -23.5432834, -46.5896376 -23.5429988, -46.5907046 -23.5432109, -46.5907199 -23.5432136, -46.5907405 -23.5431229, -46.5907627 -23.5430253, -46.5896807 -23.5428125, -46.5897364 -23.5425863, -46.5896317 -23.5425651, -46.5895816 -23.5425549, -46.5895296 -23.5427836, -46.5889277 -23.5426627, -46.5889057 -23.5427612, -46.5888865 -23.5428473, -46.5894894 -23.5429681, -46.5894636 -23.5430718, -46.5894513 -23.5431213, -46.5894307 -23.5432039, -46.5894187 -23.5432522))",Belém,station,station,,subway,yes,,Metropolitano de São Paulo,Q4884965,,pt:Estação Belém,,,,,,,,,,,,,,,,,,,,,,,,,,,,,,transportation,,,,1,,,,pmsp,,,,12.324,,,,,,,,,,,,,,,,,,,,,,,
"POLYGON ((-46.6212876 -23.5955678, -46.6213634 -23.5957125, -46.6210927 -23.595828, -46.6201413 -23.59625, -46.6200656 -23.5961054, -46.6210184 -23.5956862, -46.6212876 -23.5955678))",Santos - Imigrantes,station,station,IMG,subway,yes,Imigrantes,Metropolitano de São Paulo,Q7420602,,,,http://www.metro.sp.gov.br/,yes,,,,,,,,,,,,,,,,,,,,,,,,,,,transportation,,,,,,,,,,,,,,,,,,,,,,,,,,,,,,,,,,,
"POLYGON ((-46.4446006 -23.4904144, -46.444594 -23.4903632, -46.4444706 -23.4903744, -46.444407 -23.4903802, -46.442711 -23.4905343, -46.44272 -23.490607, -46.442733 -23.4907122, -46.4427383 -23.4907553, -46.4446213 -23.4905741, -46.4446142 -23.4905196, -46.4446006 -23.4904144))",São Miguel Paulista,station,station,,,,,Companhia Paulista de Trens Metropolitanos,Q10276169,,pt:Estação São Miguel Paulista,,,,CPTM,CPTM,yes,,,,,,São Paulo,Rua Beraldo Marcondes,,,,,,,,,,136,,,,,,,train_station,,,,,,,,,,,,,,,,,,,,,,,,,,,,,,,,,,,
"POLYGON ((-46.638064 -23.6106423, -46.6382345 -23.6106407, -46.6382384 -23.6105626, -46.6382088 -23.6105629, -46.6380876 -23.6105643, -46.6380634 -23.6105872, -46.638064 -23.6106423))",Estação Praça da Árvore,station,station,,subway,yes,,Metropolitano de São Paulo,Q7239119,,pt:Estação Praça da Árvore,,,,,,,,,,,,,,,,,,,,,,,,,,,,,,yes,,,,,,,,pmsp,,,,4.94,,,,,,,,,,,,,,,,,,,,,,,
"POLYGON ((-46.5009322 -23.4855857, -46.4994581 -23.4855827, -46.4994635 -23.4853859, -46.5009313 -23.4854053, -46.5016543 -23.4854022, -46.5016545 -23.4854391, -46.5016548 -23.4854812, -46.5016549 -23.4855162, -46.501655 -23.4855276, -46.5016553 -23.4855825, -46.5009322 -23.4855857))",USP Leste,station,station,,,,,Companhia Paulista de Trens Metropolitanos,Q10276198,,,,,,,CPTM,yes,,,,,,,,,,,,,,,,,,,,,,,,,,,,,,,,,,,,,,,,,,,,,,,,,,,,,,,,,,,
"POLYGON ((-46.6721855 -23.5607911, -46.6721134 -23.5607436, -46.6721027 -23.5607365, -46.6720699 -23.5607149, -46.6719337 -23.5606979, -46.6718328 -23.5607172, -46.6717736 -23.5607808, -46.6716843 -23.5608742, -46.6718722 -23.5610098, -46.6719492 -23.5610835, -46.6719585 -23.5610721, -46.6719937 -23.5610285, -46.6721401 -23.5608473, -46.6721855 -23.5607911))",Oscar Freire,station,station,FRE,subway,yes,,ViaQuatro,Q8779071,,pt:Estação Oscar Freire,2018-04-04,,,,,,,,,,,,,,,,,,,,,,,,,,,,,transportation,,,,,,,,,,,,8,,,,,,,,,,,,,,,,,,,,,,,
"POLYGON ((-46.4224787 -23.4925547, -46.4224866 -23.4926389, -46.4212988 -23.4927541, -46.4213018 -23.4927737, -46.4213049 -23.4927937, -46.4207692 -23.4928586, -46.4207697 -23.4928251, -46.4207711 -23.4928008, -46.4207701 -23.4927236, -46.4207693 -23.4926819, -46.4212801 -23.4926324, -46.4212856 -23.492668, -46.4212863 -23.4926728, -46.4224787 -23.4925547))",,station,station,,,,,Companhia Paulista de Trens Metropolitanos,Q10275890,,pt:Estação Jardim Helena-Vila Mara,,,,,CPTM,yes,,,,,,,,,,,,,,,,,,,,,,,,yes,,,,,,,,,,,,,,,,,,,,,,,,,,,,,,,,,,,
"POLYGON ((-46.6525606 -23.5485082, -46.6523907 -23.5488087, -46.6523612 -23.5488228, -46.6523199 -23.5488188, -46.6520678 -23.5487295, -46.6522115 -23.5484018, -46.6522278 -23.5484081, -46.6522325 -23.5483964, -46.6525606 -23.5485082))",Estação Higienópolis-Mackenzie,station,station,,subway,yes,,ViaQuatro,Q8779002,,pt:Estação Higienópolis–Mackenzie,,,yes,,,,,,,,,,,,,,,,,,,,,,,,,,,,,,,,,,,,,,,,,,,,,,,,,,,,,,,,,,,,,,
"POLYGON ((-46.6244637 -23.5166382, -46.6244559 -23.5163286, -46.6244541 -23.5163078, -46.6244517 -23.5162139, -46.6244507 -23.516175, -46.624466 -23.5161747, -46.6244666 -23.5161988, -46.6245575 -23.5161969, -46.6245557 -23.5161274, -46.6245543 -23.5160713, -46.624513 -23.5160721, -46.624508 -23.5157521, -46.6245592 -23.5157511, -46.6246261 -23.5157496, -46.6246708 -23.5157487, -46.624714 -23.5157478, -46.6248901 -23.515744, -46.6248961 -23.5159822, -46.6248965 -23.5159988, -46.6248277 -23.5160002, -46.6248329 -23.5162059, -46.6249176 -23.5162041, -46.6250146 -23.516202, -46.6250643 -23.516201, -46.625045 -23.5155122, -46.6252165 -23.5155081, -46.6252379 -23.5161953, -46.62526 -23.5161949, -46.6253782 -23.5161926, -46.625507 -23.5161901, -46.6255033 -23.5160272, -46.625521 -23.5160269, -46.6255209 -23.5159975, -46.6256001 -23.5159955, -46.6256004 -23.5160049, -46.6256237 -23.5160043, -46.6256235 -23.5160249, -46.6256403 -23.5160138, -46.6256468 -23.5161844, -46.6257384 -23.5161822, -46.6257289 -23.5161983, -46.6257387 -23.5162018, -46.6257389 -23.5162096, -46.6257405 -23.5162766, -46.6256379 -23.5162784, -46.6256395 -23.5163381, -46.6255278 -23.5163398, -46.6254821 -23.5162844, -46.6253811 -23.5162863, -46.6252638 -23.5162886, -46.6252414 -23.516289, -46.6252518 -23.5167484, -46.6250814 -23.5167517, -46.6250667 -23.5162948, -46.6250174 -23.5162958, -46.6249213 -23.5162978, -46.6248379 -23.5162996, -46.624843 -23.5165033, -46.6249116 -23.5165019, -46.6249129 -23.5165523, -46.6249148 -23.5166287, -46.6247697 -23.5166318, -46.6247363 -23.5166325, -46.6246484 -23.5166343, -46.6245808 -23.5166358, -46.6245245 -23.5166369, -46.6244637 -23.5166382))",Portuguesa - Tietê,station,station,TTE,subway,yes,Tietê,Metropolitano de São Paulo,Q7232599,,,,http://www.metro.sp.gov.br/sua-viagem/linha-1-azul/estacao-portuguesa-tiete.aspx,yes,,,,,,,,,São Paulo,Avenida Cruzeiro do Sul,Santana,,,,,,,,,1777,02031-000,,,,,,,,BR,,,,"Mo-Su 00:00-00:30,04:30-24:00; Sa 00:00-01:00,04:30-24:00",,survey,,yes,,,,,,,,,,,,,,,,,,,,,,,,,
"POLYGON ((-46.5971823 -23.5823278, -46.5970165 -23.5822635, -46.5966984 -23.5829529, -46.5968641 -23.5830171, -46.5971823 -23.5823278))",Estação Ipiranga,station,station,,,,,Metropolitano de São Paulo,Q10275874,,pt:Estação Ipiranga,,,,Linha 15 - Prata (em construcao),,,,,,,,,,,,,,,,,,,,,,yes,,,,train_station,,,,1,,,,,,,,,,,,,,,,,,,2024-10-30,monorail,2027,,,,,,,,,,
"POLYGON ((-46.7219392 -23.6557301, -46.7219136 -23.6559076, -46.7199732 -23.6557729, -46.7200059 -23.6555483, -46.7219392 -23.6557301))",,station,station,,subway,yes,,ViaMobilidade Linhas 5 e 17,Q5244808,,pt:Estação Santo Amaro,,,,,,,,,,,,São Paulo,,,,,,,,,,,,,,,,,,transportation,,,,1,,,,,,,,,,,,,,,,,,,,,,,,,,,,,,,
"POLYGON ((-46.3860649 -23.4850307, -46.3859355 -23.4852412, -46.3852114 -23.4848583, -46.3853439 -23.4846478, -46.3860649 -23.4850307))",Estação Jardim Romano,station,station,,,,,Companhia Paulista de Trens Metropolitanos,Q10275891,,pt:Estação Jardim Romano,,,,,CPTM,yes,,,,,,São Paulo,,,,,,,,,,,,,,,,,,yes,,,,,,,,,,,,,,,,,,,,,,,,,,,,,,,,,,,
"POLYGON ((-46.6397456 -23.5687587, -46.6397566 -23.5688554, -46.6397067 -23.5688603, -46.6397031 -23.5688294, -46.6396641 -23.5688331, -46.6396566 -23.5687659, -46.6397456 -23.5687587))",,station,station,,subway,yes,,Metropolitano de São Paulo,Q7921287,,pt:Estação Vergueiro,,,,,,,,,,,,,,,,,,,,,,,,,,,,,,,,,,,,,,,,,,,,,,,,,,,,,,,,,,,,,,,,,
POINT (-46.6337703 -23.5448117),Metro São Bento,,subway_entrance,,,,,,,,,,,,,,,,,,,,São Paulo,Rua Boa Vista,,,,,,,,,,,01014-000,,,,,,,,,,,,,,,,,,,,,,,,,,,,,,,,,,,,,,,,,
POINT (-46.6344153 -23.5440633),,,subway_entrance,,,,,,,,,,,,,,,,,,,,,,,,,,,,,,,,,,,,,,,,,,,,,,,,,,,,,,,,,,,,,,,,,,,,,,,,,
POINT (-46.6384007 -23.5485202),,,subway_entrance,B,,,,,,,,,,,,,,,,,,,,,,,,,,,,,,,,,,,,,,,,,,,,,,,,,,,,,,,,,,,,,,,,,,,,,,,,
POINT (-46.639675 -23.5474291),,,subway_entrance,D,,,,,,,,,,,,,,,,,,,,,,,,,,,,,,,,,,,,,,,,,,,,,,,,,,,,,,,,,,,,,,,,,,,,,,,,
POINT (-46.6495462 -23.5390598),Estação Santa Cecília,,subway_entrance,,,,,,,,,,,,,,,,,,,,,,,,,,,,,,,,,,,,,,,,,,,,,,,,,,,,,,,,,,,,,,,,,,,,,,,,,
POINT (-46.6332562 -23.5446867),Metro São Bento,,subway_entrance,,,,,,,,,,,,,,,,,,,,São Paulo,Ladeira Porto Geral,,,,,,,,,,,01022-000,,,,,,,,,,,,,,survey,,,,,,,,,,,,,,,,,,,,,,,,,,,
POINT (-46.6416058 -23.6347269),Conceição,,subway_entrance,,,,,,,,,,,,,,,,,,,,,,,,,,,,,,,,,,,,,,,,,,,,,,,,,,,,,,,,,,,,,,,,,,no,,,,,,,
POINT (-46.6409326 -23.6351328),Conceição,,subway_entrance,,,,,,,,,,,,,,,,,,,,,,,,,,,,,,,,,,,,,,,,,,,,,,,,,,,,,,,,,,,,,,,,,,,,,,,,,
POINT (-46.6028101 -23.6020127),,,subway_entrance,,,,,,,,,,,,,,,,,,,,,,,,,,,,,,,,,,,,,,,,,,,,,,,,,,,,,,,,,,,,,,,,,,,,,,,,,
POINT (-46.6381171 -23.5814798),"Ana Rosa - Linha 1 Azul e 2 Verde - Acesso à Rua Vergueiro, Lado Ímpar",,subway_entrance,,,,,,,,,,,,,,,,,,,,,,,,,,,,,,,,,,,,,,,,,,,,,,,,,,,,,,,,,,,,,,,,,,,,,,,,,
POINT (-46.5166811 -23.5300442),Acesso B,,subway_entrance,B,,,,,,,,,,,,,,,,,,,,,,,,,,,,,,,,,,,,,,,,,,,,,,,,,,,,,,,,,,,,,,,,,,,,,,,,
POINT (-46.7150665 -23.5040529),,,subway_entrance,,,,,,,,,,,,,,,,,,,,,,,,,,,,,,,,,,,,,,,,,,,,,,,,,,,,,,,,,,,,,,,,,,,customers,,,,,,
POINT (-46.5821249 -23.5843867),,,subway_entrance,,,,,,,,,,,,,,,,,,,,,,,,,,,,,,yes,,,,,,,,,,,,,,,,,,,,,,,,,,,,,,,,,,,,,,,,,,,
POINT (-46.5818545 -23.5845206),,,subway_entrance,,,,,,,,,,,,,,,,,,,,,,,,,,,,,,yes,,,,,,,,,,,,,,,,,,,,,,,,,,,,,,,,,,,,,,,,,,,
POINT (-46.6941088 -23.5672625),Faria Lima,,subway_entrance,,,,,,,,,,,yes,,,,,,,,,,,,,,,,,,,,,,,,,,,,,,,,,,,,,,,,,,,,,,,,,,,,,,,,,,,,,,
POINT (-46.6934492 -23.5668994),Faria Lima,,subway_entrance,,,,,,,,,,,,,,,,,,,,,,,,,,,,,,,,,,,,,,,,,,,,,,,,,,,,,,,,,,,,,,,,,,,,,,,,,
POINT (-46.4714587 -23.5423226),Corinthians- Itaquera,,subway_entrance,,,,,,,,,,,yes,,,,,,,,,,,,,,,,,,,,,,,,,,,,,,,,,,,,,,,,,,,,,,,,,,,,,,,,,,,,,,
POINT (-46.6710783 -23.554125),,,subway_entrance,,,,,,,,,,,,,,,,,,,,,,,,,,,,,,,,,,,,,,,,,,,,,,,,,,,,,,,,,,,,,,,,,,,,,,,,,
POINT (-46.6521564 -23.5491309),,,subway_entrance,,,,,,,,,,,yes,,,,,,,,,São Paulo,Rua da Consolação,,,,,yes,,,,,1161,01301-100,,,,,,,,,,,,,,,,,,,,,,,,,,,,,,,,,,,,,,,,,
POINT (-46.6721829 -23.5603623),Estação Oscar Freire,,subway_entrance,,,,,,,,,,,,,,,,,,,,São Paulo,Rua Oscar Freire,,,,,,,,,,1319,05409-010,,,,,,,,,,,,,,,,,,,,,,,,,,,,,,,,,,,,,,,,,
POINT (-46.6386319 -23.5815717),Ana Rosa - Linha 1 Azul e 2 Verde - Acesso ao Terminal de Ônibus,,subway_entrance,,,,,,,,,,,,,,,,,,,,,,,,,,,,,,,,,,,,,,,,,,,,,,,,,,,,,,,,,,,,,,,,,,,,,,,,,
POINT (-46.6391892 -23.5816458),Ana Rosa - Linha 1 Azul e 2 Verde - Acesso à Avenida Conselheiro Rodrigues Alves,,subway_entrance,,,,,,,,,,,,,,,,,,,,,,,,,,,,,,,,,,,,,,,,,,,,,,,,,,,,,,,,,,,,,,,,,,,,,,,,,
POINT (-46.6843861 -23.5661156),Fradique Coutinho Oeste,,subway_entrance,,,,,,,,,,,yes,,,,,,,,,,,,,,,,,,,,,,,,,,,,,,,,,,,,,,,,,,,,,,,,,,,,,,,,,main,,,,,
POINT (-46.6841825 -23.5662935),Fradique Coutinho Leste,,subway_entrance,,,,,,,,,,,yes,,,,,,,,,,,,,,,,,,,,,,,,,,,,,,,,,,,,,,,,,,,,,,,,,,,,,,,,,main,,,,,
POINT (-46.6384965 -23.5618309),,,subway_entrance,,,,,,,,,,,,,,,,,,,,São Paulo,Avenida da Liberdade,,,,,,,,,,1033,01503-001,,,,,,,,,,,,,,,,,,,,,,,,,,,,,,,,,,,,,,,,,
POINT (-46.6601803 -23.5578762),Consolação,,subway_entrance,,,,,,,,,,,,,,,,,,,,,,,,,,,,,,yes,,,,,,,,,,,,,,,,,,,,,,,,,,,,,,,,,,,,,,,"Saída ""B""",,,,
POINT (-46.6604548 -23.5581143),Consolação,,subway_entrance,,,,,,,,,,,,,,,,,,,,,,,,,,,,,,yes,,,,,,,,,,,,,,,,,,,,,,,,,,,,,,,,,,,,,,,"Saída ""C""",,,,
POINT (-46.6717736 -23.5607808),Estação Oscar Freire,,subway_entrance,,,,,,,,,,,yes,,,,,,,,,,,,,,,,,,,,,,,,,,,,,,,,,,,,,,,,,,,,,,,,,,,,,,,,,,,,,,
POINT (-46.6333316 -23.5500761),,,subway_entrance,,,,,,,,,,,,,,,,,,,,,,,,,,,,,,,,,,,,,,,,,,,,,,,,,,,,,,,,,,,,,,,,,,,,,,,,,
POINT (-46.6319622 -23.5509875),,,subway_entrance,,,,,,,,,,,,,,,,,,,,,,,,,,,,,,,,,,,,,,,,,,,,,,,,,,,,,,,,,,,,,,,,,,,,,,,,,
POINT (-46.6425297 -23.5442138),,,subway_entrance,,,,,,,,,,,,,,,,,,,,,,,,,,,,,,,,,,,,,,,,,,,,,,,,,,,,,,,,,,,,,,,,,,,,,,,,,
POINT (-46.6427531 -23.5440037),,,subway_entrance,,,,,,,,,,,,,,,,,,,,,,,,,,,,,,,,,,,,,,,,,,,,,,,,,,,,,,,,,,,,,,,,,,,,,,,,,
POINT (-46.6421066 -23.5439246),,,subway_entrance,,,,,,,,,,,yes,,,,,,,,,,,,,,,,,,,,,,,,,,,,,,,,,,,,,,,,,,,,,,,,,,,,,,,,,,,,,,
POINT (-46.6438926 -23.5437492),,,subway_entrance,,,,,,,,,,,,,,,,,,,,,,,,,,,,,,,,,,,,,,,,,,,,,,,,,,,,,,,,,,,,,,,,,,,,,,,,,
POINT (-46.6439704 -23.5430361),,,subway_entrance,,,,,,,,,,,,,,,,,,,,,,,,,,,,,,,,,,,,,,,,,,,,,,,,,,,,,,,,,,,,,,,,,,,,,,,,,
POINT (-46.6381743 -23.5481999),,,subway_entrance,A,,,,,,,,,,yes,,,,,,,,,,,,,,,,,,,,,,,,,,,,,,,,,,,,,,,,,,,,,,,,,,,,,,,,,,,,,,
POINT (-46.6378919 -23.5478856),,,subway_entrance,A,,,,,,,,,,,,,,,,,,,,,,,,,,,,,,,,,,,,,,,,,,,,,,,,,,,,,,,,,,,,,,,,,,,,,,,,
POINT (-46.6340132 -23.5440032),,,subway_entrance,,,,,,,,,,,,,,,,,,,,,,,,,,,,,,,,,,,,,,,,,,,,,,,,,,,,,,,,,,,,,,,,,,,,,,,,,
POINT (-46.635246 -23.5436419),,,subway_entrance,,,,,,,,,,,,,,,,,,,,,,,,,,,,,,,,,,,,,,,,,,,,,,,,,,,,,,,,,,,,,,,,,,,,,,,,,
POINT (-46.5618279 -23.5824646),,,subway_entrance,,,,,,,,,,,,,,,,,,,,,,,,,,,,,,,,,,,,,,,,,,,,,,,,,,,,,,,,,,,,,,,,,,,,,,,,,
POINT (-46.5614655 -23.581711),,,subway_entrance,,,,,,,,,,,,,,,,,,,,,,,,,,,,,,,,,,,,,,,,,,,,,,,,,,,,,,,,,,,,,,,,,,,,,,,,,
POINT (-46.6388435 -23.6184282),Saúde - Linha 1 Azul - Acesso Lado Ímpar,,subway_entrance,,,,,,,,,,,,,,,,,,,,São Paulo,Rua São Sebastião,Saúde,,,,,,,,,,,,,,,,,,,,,,,,,,,,,,,,,,,,,,,,,,,,,,,,,,,
POINT (-46.6486487 -23.5681099),Metrò Brigadeiro,,subway_entrance,,,,,,,,,,,,,,,,,,,,São Paulo,Avenida Paulista,Jardim Paulista,,,,,,,,,347,,,,,,,,,,,,,,,,,,,,,,,,,,,,,,,,,,,,,,,,,,
POINT (-46.6375225 -23.6104493),Praça da Árvore - Linha 1 Azul - Acesso Lado Ímpar,,subway_entrance,,,,,,,,,,,,,,,,,,,,,,,,,,,,,,,,,,,,,,,,,,,,,,,,,,,,,,,,,,,,,,,,,,,,,,,,,
POINT (-46.6382088 -23.6105629),Praça da Árvore - Linha 1 Azul - Acesso Lado Par,,subway_entrance,,,,,,,,,,,,,,,,,,,,,,,,,,,,,,,,,,,,,,,,,,,,,,,,,,,,,,,,,,,,,,,,,,,,,,,,,
POINT (-46.6375318 -23.6108658),Praça da Árvore - Linha 1 Azul - Acesso à Praça,,subway_entrance,,,,,,,,,,,,,,,,,,,,,,,,,,,,,,,,,,,,,,,,,,,,,,,,,,,,,,,,,,,,,,,,,,,,,,,,,
POINT (-46.7079268 -23.5711519),,,subway_entrance,,,,,,,,,,,,,,,,,,,,,,,,,,,,,,,,,,,,,,,,,,,,,,,,,,,,,,,,,,,,,,,,,,,,,,,,,
POINT (-46.6609756 -23.5576709),Metrô Consolação,,subway_entrance,,,,,,,,,,,yes,,,,,,,,,,Avenida Paulista,,,,,,,,,,,,,,,,,,,,,,,,,,,,,,,,,,,,,,,,,,,,,,,,,,,,
POINT (-46.6607549 -23.5574413),Metro Consolação,,subway_entrance,,,,,,,,,,,,,,,,,,,,São Paulo,Avenida Paulista,,,,,,,,,,2226,01310-300,,,,,,,,,,,,,,,,,,,,,,,,,,,,,,,,,,,,,,,,,
POINT (-46.6605712 -23.5580459),Metrô Consolação,,subway_entrance,,,,,,,,,,,,,,,,,,,,,,,,,,,,,,,,,,,,,,,,,,,,,,,,,,,,,,,,,,,,,,,,,,,,,"Saída ""D""",,,,
POINT (-46.6602852 -23.5578223),Metrô Consolação,,subway_entrance,,,,,,,,,,,,,,,,,,,,São Paulo,Avenida Paulista,,,,,,,,,,2160,01310-200,,,,,,,,,,,,,,,,,,,,,,,,,,,,,,,,,,,,,"Saída ""A""",,,,
POINT (-46.6541252 -23.5632144),Metro Trianon Masp,,subway_entrance,,,,,,,,,,,yes,,,,,,,,,,Avenida Paulista,,,,,,,,,,1294,,,,,,,,,,,,,,,,,,,,,,,,,,,,,,,,,,,,,,,,,,
POINT (-46.6537991 -23.5634821),Metro Trianon MASP,,subway_entrance,,,,,,,,,,,yes,,,,,,,,,,Avenida Paulista,,,,,,,,,,1274,,,,,,,,,,,,,Mo-Fr 06:00-20:30; Sa-Su 10:00-19:00,,,,,,,,,,,,,,,,,,,,,,,,,,,,,
POINT (-46.6536861 -23.5639287),Metro Trianon MASP,,subway_entrance,,,,,,,,,,,no,,,,,,,,,,Avenida Paulista,,,,,,,,,,,,,,,,,,,,,,,,,,,,,,,,,,,,,,,,,,,,,,,,,,,,
POINT (-46.6544743 -23.5629177),Metro Trianon Masp,,subway_entrance,,,,,,,,,,,,,,,,,,,,,Avenida Paulista,,,,,,,,,,1374,,,,,,,,,,,,,,,,,,,,,,,,,,,,,,,,,,,,,,,,,,
POINT (-46.6478837 -23.5682841),Metro Brigadeiro,,subway_entrance,,,,,,,,,,,,,,,,,,,,São Paulo,Avenida Paulista,Jardim Paulista,,,,,,,,,486,,,,,,,,,,,,,,,,,,,,,,,,,,,,,,,,,,,,,,,,,,
POINT (-46.6473 -23.5691284),Metro Brigadeiro,,subway_entrance,,,,,,,,,,,no,,,,,,,,,São Paulo,Avenida Paulista,Jardim Paulista,,,,,,,,,,,,,,,,,,,,,,,,,,,,,,,,,,,,,,,,,,,,,,,,,,,
POINT (-46.6471077 -23.5688898),Metro Brigadeiro,,subway_entrance,,,,,,,,,,,no,,,,,,,,,São Paulo,Avenida Paulista,Jardim Paulista,,,,,,,,,352,,,,,,,,,,,,,,,,,,,,,,,,,,,,,,,,,,,,,,,,,,
POINT (-46.6720142 -23.5554995),Metrô Clínicas - Linha Verde,,subway_entrance,,,,,,,,,,,,,,,,,,,,,,,,,,,,,,,,,,,,,,,,,,,,,,,,,,,,,,,,,,,,,,,,,,,,,,,,,
POINT (-46.6335305 -23.538065),Estação da Luz,,subway_entrance,,,,,,,,,,,,,,,,,,,,São Paulo,Avenida Prestes Maia,,,,,,,,,,778,01031-000,,,,,,,,,,,,,,,,,,,,,,,,,,,,,,,,,,,,,,,,,
POINT (-46.6340261 -23.5379227),Estação da Luz,,subway_entrance,,,,,,,,,,,,,,,,,,,,,,,,,,,,,,,,,,,,,,,,,,,,,,,,,,,,,,,,,,,,,,,,,,,,,,,,,
POINT (-46.6333889 -23.5366037),Estação da Luz,,subway_entrance,,,,,,,,,,,,,,,,,,,,São Paulo,Avenida Prestes Maia,,,,,,,,,,936,01031-000,,,,,,,,,,,,,,,,,,,,,,,,,,,,,,,,,,,,,,,,,
POINT (-46.6353771 -23.5361613),Luz,,subway_entrance,,,,,,,,,,,,,,,,,,,,,,,,,,,,,,,,,,,,,,,,,,,,,,,,,,,,,,,,,,,,,,,,,,,,,,,,,
POINT (-46.708025 -23.5715488),,,subway_entrance,,,,,,,,,,,yes,,,,,,,,,,,,,,,,,,,,,,,,,,,,,,,,,,,,,,,,,,,,,,,,,,,,,,,,,,,,,,
POINT (-46.7080291 -23.571801),,,subway_entrance,,,,,,,,,,,,,,,,,,,,,,,,,,,,,,,,,,,,,,,,,,,,,,,,,,,,,,,,,,,,,,,,,,,,,,,,,
POINT (-46.7082955 -23.5715492),,,subway_entrance,,,,,,,,,,,yes,,,,,,,,,,,,,,,,,,,,,,,,,,,,,,,,,,,,,,,,,,,,,,,,,,,,,,,,,,,,,,
POINT (-46.7083934 -23.5717938),,,subway_entrance,,,,,,,,,,,yes,,,,,,,,,,,,,,,,,,,,,,,,,,,,,,,,,,,,,,,,,,,,,,,,,,,,,,,,,,,,,,
POINT (-46.6369432 -23.5990047),Santa Cruz - Linha 1 Azul,,subway_entrance,,,,,,,,,,,limited,,,,,,,,,,,,,,,,,,,,,,,,,,,,,,,,,,,,,,,,,,,,,,,,,,,,,,,,,,,Shopping,,,
POINT (-46.6623165 -23.6031356),,,subway_entrance,,,,,,,File:Estação Moema • Linha 5 Lilás • entrada secundária • 1.jpg,,,,yes,,,,,,,,,,,,,,,,,,,,,,,,,,,,,,,,,,,,,,,,,,,,,,,,,,,,,,,,,,,,,,
POINT (-46.6337383 -23.5511263),,,subway_entrance,,,,,,,,,,,,,,,,,,,,,,,,,,,,,,,,,,,,,,,,,,,,,,,,,,,,,,,,,,,,,,,,,,,,,,,,,
POINT (-46.7042874 -23.6500135),,,subway_entrance,A,,,,,,,,,,yes,,,,,,,,,,,,,,,,,,,,,,,,,,,,,,,,,,,,,,,,,,,,,,,,,,,,,,,,,,,,,,
POINT (-46.7040626 -23.6501747),,,subway_entrance,B,,,,,,,,,,yes,,,,,,,,,,,,,,,,,,,,,,,,,,,,,,,,,,,,,,,,,,,,,,,,,,,,,,,,,,,,,,
POINT (-46.641014 -23.6255471),,,subway_entrance,,,,,,,,,,,yes,,,,,,,,,,,,,,,,,,,,,,,,,,,,,,,,,,,,,,,,,,,,,,,,,,,,,,,,,,,,,,
POINT (-46.6406284 -23.6257575),,,subway_entrance,,,,,,,,,,,,,,,,,,,,,,,,,,,,,,,,,,,,,,,,,,,,,,,,,,,,,,,,,,,,,,,,,,,,,,,,,
POINT (-46.6026586 -23.6012142),,,subway_entrance,,,,,,,,,,,,,,,,,,,,,,,,,,,,,,,,,,,,,,,,,,,,,,,,,,,,,,,,,,,,,,,,,,,,,,,,,
POINT (-46.6029865 -23.6015107),,,subway_entrance,,,,,,,,,,,,,,,,,,,,,,,,,,,,,,,,,,,,,,,,,,,,,,,,,,,,,,,,,,,,,,,,,,,,,,,,,
POINT (-46.6031575 -23.601759),,,subway_entrance,,,,,,,,,,,,,,,,,,,,,,,,,,,,,,,,,,,,,,,,,,,,,,,,,,,,,,,,,,,,,,,,,,,,,,,,,
POINT (-46.7148985 -23.5040538),,,subway_entrance,,,,,,,,,,,,,,,,,,,,,,,,,,,,,,,,,,,,,,,,,,,,,,,,,,,,,,,,,,,,,,,,,,,customers,,,,,,
POINT (-46.7109838 -23.6537267),,,subway_entrance,,,,,,,,,,,,,,,,,,,,,,,,,,,,,,,,,,,,,,,,,,,,,,,,,,,,,,,,,,,,,,,,,,,,,,,,,
POINT (-46.7109564 -23.6540298),,,subway_entrance,,,,,,,,,,,,,,,,,,,,,,,,,,,,,,,,,,,,,,,,,,,,,,,,,,,,,,,,,,,,,,,,,,,,,,,,,
POINT (-46.7109436 -23.6541414),,,subway_entrance,,,,,,,,,,,,,,,,,,,,,,,,,,,,,,,,,,,,,,,,,,,,,,,,,,,,,,,,,,,,,,,,,,,,,,,,,
POINT (-46.7109271 -23.6542413),,,subway_entrance,,,,,,,,,,,,,,,,,,,,,,,,,,,,,,,,,,,,,,,,,,,,,,,,,,,,,,,,,,,,,,,,,,,,,,,,,
POINT (-46.7109054 -23.6543725),,,subway_entrance,,,,,,,,,,,,,,,,,,,,,,,,,,,,,,,,,,,,,,,,,,,,,,,,,,,,,,,,,,,,,,,,,,,,,,,,,
POINT (-46.7108658 -23.6544982),,,subway_entrance,,,,,,,,,,,,,,,,,,,,,,,,,,,,,,,,,,,,,,,,,,,,,,,,,,,,,,,,,,,,,,,,,,,,,,,,,
POINT (-46.6403696 -23.5751856),,,subway_entrance,,,,,,,,,,,,,,,,,,,,,,,,,,,,,,,,,,,,,,,,,,,,,,,,,,,,,,,,,,,,,,,,,,,,,,,,,
POINT (-46.6412123 -23.5754539),Estação Paraíso – Acesso à Praça Rodrigues de Abreu,,subway_entrance,,,,,,,,,,,,,,,,,,,,,,,,,,,,,,,,,,,,,,,,,,,,,,,,,,,,,,,,,,,,,,,,,,,,,,,,,
POINT (-46.6405745 -23.5761404),"Paraíso - Linha 1 Azul e 2 Verde - Acesso à Rua Vergueiro, Lado Ímpar",,subway_entrance,,,,,,,,,,,,,,,,,,,,,,,,,,,,,,,,,,,,,,,,,,,,,,,,,,,,,,,,,,,,,,,,,,,,,,,,,
POINT (-46.6414005 -23.5760952),Paraíso - Linha 1 Azul e 2 Verde - Acesso à Avenida Bernardino de Campos,,subway_entrance,,,,,,,,,,,yes,,,,,,,,,,,,,,,,,,,,,,,,,,,,,,,,,,,,,,,,,,,,,,,,,,,,,,,,,,,,,,
POINT (-46.6907841 -23.5468427),,,subway_entrance,,,,,,,,,,,yes,,,,,,,,,,,,,,,,,,,yes,,,,,,,,,,,,,,,,,,,,,,,,,,,,,,,,,,,,,,yes,,,,,
POINT (-46.6342398 -23.5446021),,,subway_entrance,,,,,,,,,,,,,,,,,,,,São Paulo,Rua São Bento,,,,,,,,,,534,01010-001,,,,,,,,,,,,,,,,,,,,,,,,,,,,,,,,,,,,,,,,,
POINT (-46.6877979 -23.6271372),,,subway_entrance,,,,,,,,,,,,,,,,,,,,,,,,,,,,,,,,,,,,,,,,,,,,,,,,,,,,,,,,,,,,,,,,,,,,,,,,,
POINT (-46.6778645 -23.5505721),,,subway_entrance,,,,,,,,,,,,,,,,,,,,,,,,,,,,,,,,,,,,,,,,,,,,,,,,,,,,,,,,,,,,,,,,,,,,,,,,,
POINT (-46.6780282 -23.5508821),,,subway_entrance,,,,,,,,,,,,,,,,,,,,,,,,,,,,,,,,,,,,,,,,,,,,,,,,,,,,,,,,,,,,,,,,,,,,,,,,,
POINT (-46.7079231 -23.5711939),,,subway_entrance,,,,,,,,,,,,,,,,,,,,,,,,,,,,,,,,,,,,,,,,,,,,,,,,,,,,,,,,,,,,,,,,,elevator,,,,,,,,
POINT (-46.6400988 -23.5688235),Metrô Vergueiro,,subway_entrance,,,,,,,,,,,,,,,,,,,,,,,,,,,,,,,,,,,,,,,,,,,,,,,,,,,,,,,,,,,,,,,,,,,,,,,,,
POINT (-46.6394043 -23.618452),Saúde - Linha 1 Azul - Acesso Lado Par,,subway_entrance,,,,,,,,,,,,,,,,,,,,,,,,,,,,,,,,,,,,,,,,,,,,,,,,,,,,,,,,,,,,,,,,,,,,,,,,,
POINT (-46.6620835 -23.5552209),Metrô Paulista,,subway_entrance,,,,,,,File:Estação Paulista (Linha 4) de fora.jpg,,,,,,,,,,,,,São Paulo,Rua da Consolação,,,,,,,,,,2371,01301-100,,,,,,,,,,,,,,,,,,,,,,,,,,,,,,,,,,,,,,,,,
POINT (-46.6287788 -23.5250926),,,subway_entrance,,,,,,,,,,,yes,,,,,,,,,,,,,,,,,,,,,,,,,,,,,,,,,,,,,,,,,,,,,,,,,,,,,,,,,,,,0,,
POINT (-46.6403266 -23.6461711),,,subway_entrance,,,,,,,,,,,,,,,,,,,,,,,,,,,,,,,,,,,,,,,,,,,,,,,,,,,,,,,,,,,,,,,,,,,,,,,,,
POINT (-46.6419035 -23.6462392),,,subway_entrance,,,,,,,,,,,,,,,,,,,,,,,,,,,,,,,,,,,,,,,,,,,,,,,,,,,,,,,,,,,,,,,,,,,,,,,,,
POINT (-46.6410298 -23.6464419),Acesso à Estação Jabaquara,,subway_entrance,,,,,,Q5244789,,pt:Terminal Intermodal Jabaquara,,,yes,,,,,,,,,,,,,,,,,,,,,,,,,,,,,,,,,,,,,,,,,,,,,,,,,,,,,,,,,,,,,,
POINT (-46.7077788 -23.6538592),,,subway_entrance,A,,,,,,,,,,,,,,,,,,,,,,,,,,,,,,,,,,,,,,,,,,,,,,,,,,,,,,,,,,,,,,,,,,,,,,,,
POINT (-46.7077786 -23.6540965),,,subway_entrance,B,,,,,,,,,,,,,,,,,,,,,,,,,,,,,,,,,,,,,,,,,,,,,,,,,,,,,,,,,,,,,,,,,,,,,,,,
POINT (-46.6622527 -23.5549109),Metrô Paulista,,subway_entrance,,,,,,,,,,,yes,,,,,,,,,São Paulo,Rua da Consolação,,,,,,,,,,2358,01302-001,,,,,,,,,,,,,,,,,,,,,,,,,,,,,,,,,,,,,,,,,
POINT (-46.6352814 -23.5894043),Vila Mariana - Linha 1 Azul - Acesso Avenida Domingos de Morais,,subway_entrance,,,,,,,,,,,no,,,,,,,,,,,,,,,,,,,,,,,,,,,,,,,,,,,,,,,,,,,,,,,,,,,,,,,,,,,,,,
POINT (-46.6345135 -23.5895291),Vila Mariana - Linha 1 Azul - Acesso ao Terminal de Ônibus,,subway_entrance,,,,,,,,en:Vila Mariana (São Paulo Metro),,https://www.metro.sp.gov.br/sua-viagem/linhas-estacoes/linha-1-azul/estacao-vila-mariana/,yes,,,,,,,,,São Paulo,Av. Prof. Noé Azevedo,,,wlan,,,,,,,,04117040,,,,,,,,,,,,04:40 (4:40 AM),,,,,,,,,,,,,,,,,,,,,,,,,,,,,
POINT (-46.6344767 -23.5890742),"Vila Mariana - Linha 1 Azul - Acesso à Avenida Professor Noé Azevedo, Lado Ímpar",,subway_entrance,,,,,,,,en:Vila Mariana (São Paulo Metro),,https://www.metro.sp.gov.br/sua-viagem/linhas-estacoes/linha-1-azul/estacao-vila-mariana/,no,,,,,,,,,São Paulo,Av. Prof. Noé Azevedo,,,wlan,,,,,,,255,,,,,,,,,,,,,04:40 (4:40 AM),,,,,,,,,,,,,,,,,,,,,,,,,,,,,
POINT (-46.6348652 -23.5891643),"Vila Mariana - Linha 1 Azul -Acesso à Avenida Professor Noé Azevedo, Lado Par",,subway_entrance,,,,,,,,en:Vila Mariana (São Paulo Metro),,https://www.metro.sp.gov.br/sua-viagem/linhas-estacoes/linha-1-azul/estacao-vila-mariana/,no,,,,,,,,,,,,,wlan,,,,,,,,,,,,,,,,,,,,04:40 (4:40 AM),,,,,,,,,,,,,,,,,,,,,,,,,,,,,
POINT (-46.6304812 -23.5928304),Chácara Klabin - Linha 2 Verde,,subway_entrance,,,,,,,,,,,,,,,,,,,,,,,,,,,,,,,,,,,,,,,,,,,,,,,,,,,,,,,,,,,,,,,,,,,,,,,,,
POINT (-46.6210927 -23.595828),Santos-Imigrantes - Linha 2 Verde - Acesso à Avenida Doutor Ricardo Jafet,,subway_entrance,,,,,,,,,,,,,,,,,,,,,,,,,,,,,,,,,,,,,,,,,,,,,,,,,,,,,,,,,,,,,,,,,,,,,,,,,
POINT (-46.6934187 -23.6330488),,,subway_entrance,,,,,,,,,,,yes,,,,,,,,,,,,,,,,,,,,,,,,,,,,,,,,,,,,,,,,,,,,,,,,,,,,,,,,,,,,,,
POINT (-46.6988417 -23.6419472),,,subway_entrance,B,,,,,,,,,,yes,,,,,,,,,,,,,,,,,,,,,,,,,,,,,,,,,,,,,,,,,,,,,,,,,,,,,,,,,,,,,,
POINT (-46.6878326 -23.6264738),,,subway_entrance,,,,,,,,,,,yes,,,,,,,,,,,,,,,,,,,,,,,,,,,,,,,,,,,,,,,,,,,,,,,,,,,,,,,,,,,,,,
POINT (-46.6928755 -23.6335137),,,subway_entrance,,,,,,,,,,,yes,,,,,,,,yes,,,,,,,,,,,,,,,,,,,,,,,,,,,,,,,,,,,,,,,,,,,,,,,,,,,,,,
POINT (-46.6991701 -23.6412832),,,subway_entrance,A,,,,,,,,,,yes,,,,,,,,,,,,,,,,,,,,,,,,,,,,,,,,,,,,,,,,,,,,,,,,,,,,,,,,,,,,,,
POINT (-46.6331263 -23.5365947),,,subway_entrance,,,,,,,,,,,,,,,,,,,,São Paulo,Rua Florêncio de Abreu,,,,,,,,,,831,01029-001,,,,,,,,,,,,,,,,,,,,,,,,,,,,,,,,,,,,,,,,,
POINT (-46.6319506 -23.5312986),,,subway_entrance,,,,,,,,,,,,,,,,,,,,São Paulo,Avenida Tiradentes,,,,,,,,,,500,01102-000,,,,,,,,,,,,,,,,,,,,,,,,,,,,,,,,,,,,,,,,,
POINT (-46.6325714 -23.5308601),,,subway_entrance,,,,,,,,,,,,,,,,,,,,,,,,,,,,,,,,,,,,,,,,,,,,,,,,,,,,,,,,,,,,,,,,,,,,,,,,,
POINT (-46.6394829 -23.5476608),,,subway_entrance,,,,,,,,,,,,,,,,,,,,,,,,,,,,,,,,,,,,,,,,,,,,,,,,,,,,,,,,,,,,,,,,,,,,,,,,,
POINT (-46.652287 -23.548777),,,subway_entrance,,,,,,,,,,,yes,,,,,,,,,,,,,,,,,,,,,,,,,,,,,,,,,,,,,,,,,,,,,,,,,,,,,,,,,main,,,,,
POINT (-46.6524606 -23.5486553),,,subway_entrance,,,,,,,,,,,no,,,,,,,,,,,,,,,,,,,,,,,,,,,,,,,,,,,,,,,,,,,,,,,,,,,,,,,,,yes,,,,,
POINT (-46.6388494 -23.5617926),,,subway_entrance,,,,,,,,,,,,,,,,,,,,,,,,,,,,,,,,,,,,,,,,,,,,,,,,,,,,,,,,,,,,,,,,,,,,,,,,,
POINT (-46.6397895 -23.5688799),,,subway_entrance,,,,,,,,,,,,,,,,,,,,,,,,,,,,,,,,,,,,,,,,,,,,,,,,,,,,,,,,,,,,,,,,,,,,,,,,,
POINT (-46.6356386 -23.5552838),,,subway_entrance,,,,,,,,,,,,,,,,,,,,,,,,,,,,,,,,,,,,,,,,,,,,,,,,,,,,,,,,,,,,,,,,,,,,,,,,,
POINT (-46.6360048 -23.5551635),,,subway_entrance,,,,,,,,,,,,,,,,,,,,,,,,,,,,,,,,,,,,,,,,,,,,,,,,,,,,,,,,,,,,,,,,,,,,,,,,,
POINT (-46.6904677 -23.5464503),,,subway_entrance,,,,,,,,,,,no,,,,,,,,,,,,,,,,,,,,,,,,,,,,,,,,,,,,,,,,,,,,,,,,,,,,,,,,,,,,,,
POINT (-46.6683345 -23.6104735),,,subway_entrance,,,,,,,,,,,,,,,,,,,,,,,,,,,,,,,,,,,,,,,,,,,,,,,,,,,,,,,,,,,,,,,,,,,,,,,,,
POINT (-46.6253909 -23.5162129),,,subway_entrance,,,,,,,,,,,yes,,,,,,,,,,,,,,,,,,,,,,,,,,,,,,,,,,,,,,,,,,,,,,,,,,,,,,,,,,,,0,,
POINT (-46.6250811 -23.5091307),,,subway_entrance,,,,,,,,,,,yes,,,,,,,,,,,,,,,,,,,,,,,,,,,,,,,,,,,,,,,,,,,,,,,,,,,,,,,,,,,,0,,
POINT (-46.6250515 -23.5025529),,,subway_entrance,,,,,,,,,,,yes,,,,,,,,,,,,,,,,,,,,,,,,,,,,,,,,,,,,,,,,,,,,,,,,,,,,,,,,,,,,0,,
POINT (-46.6244336 -23.5026122),,,subway_entrance,,,,,,,,,,,yes,,,,,,,,,,,,,,,,,,,,,,,,,,,,,,,,,,,,,,,,,,,,,,,,,,,,,,,,,,,,-1,,
POINT (-46.6523547 -23.5975224),AACD - Servidor,,subway_entrance,,,,,,,,,,,yes,,,,,,,,,,,,,,,subway_entrance,,,,,,,,,,,,,,,,,,,,,,,,,,,,,,,,,,,,,,,,,,,,,,,
POINT (-46.6257265 -23.5162126),,,subway_entrance,,,,,,,,,,,yes,,,,,,,,,,,,,,,,,,,,,,,,,,,,,,,,,,,,,,,,,,,,,,,,,,,,,,,,,,,,0,,
POINT (-46.6376227 -23.6107466),Praça da Árvore - Linha 1 Azul - Acesso à Praça,,subway_entrance,,,,,,,,,,,,,,,,,,,,,,,,,,,,,,,,,,,,,,,,,,,,,,,,,,,,,,,,,,,,,,,,,,,,,,,,,
POINT (-46.637659 -23.6108276),Praça da Árvore - Linha 1 Azul - Acesso à Praça,,subway_entrance,,,,,,,,,,,,,,,,,,,,,,,,,,,,,,,,,,,,,,,,,,,,,,,,,,,,,,,,,,,,,,,,,,,,,,,,,
POINT (-46.6376374 -23.6104062),Praça da Árvore - Linha 1 Azul - Acesso Lado Ímpar,,subway_entrance,,,,,,,,,,,,,,,,,,,,,,,,,,,,,,,,,,,,,,,,,,,,,,,,,,,,,,,,,,,,,,,,,,,,,,,,,
POINT (-46.6524837 -23.5978309),AACD - Servidor,,subway_entrance,,,,,,,,,,,yes,,,,,,,,,,,,,,,,,,,,,,,,,,,,,,,,,,,,,,,,,,,,,,,,,,,,,,,,,,,,,,
POINT (-46.6455405 -23.5981269),,,subway_entrance,,,,,,,,,,,,,,,,,,,,,,,,,,,,,,,,,,,,,,,,,,,,,,,,,,,,,,,,,,,,,,,,,,,,,,,,,
POINT (-46.6455678 -23.5983416),,,subway_entrance,,,,,,,,,,,,,,,,,,,,,,,,,,,,,,,,,,,,,,,,,,,,,,,,,,,,,,,,,,,,,,,,,,,,,,,,,
POINT (-46.6523656 -23.597405),AACD - Servidor,,subway_entrance,,,,,,,,,,,,,,,,,,,,,,,,,,,,,,,,,,,,,,,,,,,,,,,,,,,,,,,,,,,,,,,,,,,,,Saída direta para o AACD Ibirapuera,,,,
POINT (-46.6304927 -23.5924866),,,subway_entrance,,,,,,,,,,,,,,,,,,,,,,,,,,,,,,,,,,,,,,,,,,,,,,,,,,,,,,,,,,,,,,,,,,,,,,,,,
POINT (-46.7239884 -23.5862808),,,subway_entrance,B,,,,,,,,,,,,,,,,,,,,,,,,,,,,,,,,,,,,,,,,,,,,,,,,,,,,,,,,,,,,,,,,,,,,,,,,
POINT (-46.7240219 -23.5866472),,,subway_entrance,A,,,,,,,,,,,,,,,,,,,,,,,,,,,,,,,,,,,,,,,,,,,,,,,,,,,,,,,,,,,,,,,,,,,,,,,,
POINT (-46.6368941 -23.5980325),,,subway_entrance,,,,,,,,,,,no,,,,,,,,,,,,,,,,,,,,,,,,,,,,,,,,,,,,,,,,,,,,,,,,,,,,,,,,,,,,,,
POINT (-46.6617987 -23.6035245),,,subway_entrance,,,,,,,,,,,,,,,,,,,,,,,,,,,,,,,,,,,,,,,,,,,,,,,,,,,,,,,,,,,,,,,,,,,,,,,,,
POINT (-46.6684694 -23.6097065),,,subway_entrance,,,,,,,,,,,yes,,,,,,,,,,,,,,,,,,,,,,,,,,,,,,,,,,,,,,,,,,,,,,,,,,,,,,,,,,,,,,
POINT (-46.6720699 -23.5607149),,,subway_entrance,,,,,,,,,,,yes,,,,,,,,,,,,,,,,,,,,,,,,,,,,,,,,,,,,,,,,,,,,,,,,,,,,,,,,,,,,,,
POINT (-46.6345513 -23.5365228),Luz,,subway_entrance,,,,,,,,,,,,,,,,,,,,,,,,,,,,,,,,,,,,,,,,,,,,,,,,,,,,,,,,,,,,,,,,,,,,,,,,,
POINT (-46.7239991 -23.5868105),,,subway_entrance,A,,,,,,,,,,,,,,,,,,,,,,,,,,,,,,,,,,,,,,,,,,,,,,,,,,,,,,,,,,,,,,,,,,,,,,,,
POINT (-46.6925695 -23.6335899),,,subway_entrance,C,,,,,,,,,,yes,,,,,,,,,,,,,,,,,,,,,,,,,,,,,,,,,,,,,,,,,,,,,,,,,,,,,,,,,,,,,,
POINT (-46.6553333 -23.533756),,,subway_entrance,,,,,,,,,,,,,,,,,,,,,,,,,,,,,,,,,,,,,,,,,,,,,,,,,,,,,,,,,,,,,,,,,,,,,,,,,
POINT (-46.6038073 -23.4807864),,,subway_entrance,,,,,,,,,,,,,,,,,,,,,,,,,,,,,,,,,,,,,,,,,,,,,,,,,,,,,,,,,,,,,,,,,,,,,,,,,
POINT (-46.7238573 -23.586052),,,subway_entrance,B,,,,,,,,,,,,,,,,,,,,,,,,,,,,,,,,,,,,,,,,,,,,,,,,,,,,,,,,,,,,,,,,,,,,,,,,
POINT (-46.5005398 -23.6148835),,,subway_entrance,,,,,,,,,,,,,,,,,,,,,,,,,,,,,,,,,,,,,,,,,,,,,,,,,,,,,,,,,,,,,,,,,,,,,,,,,
POINT (-46.4706398 -23.5421865),Corinthians- Itaquera,,subway_entrance,,,,,,,,,,,,,,,,,,,,,,,,,,,,,,,,,,,,,,,,,,,,,,,,,,,,,,,,,,,,,,,,,,,,,,,,,
POINT (-46.5081393 -23.606389),,,subway_entrance,,,,,,,,,,,,,,,,,,,,,,,,,,,,,,,,,,,,,,,,,,,,,,,,,,,,,,,,,,,,,,,,,,,,,,,,,
POINT (-46.5073846 -23.6064639),,,subway_entrance,,,,,,,,,,,,,,,,,,,,,,,,,,,,,,,,,,,,,,,,,,,,,,,,,,,,,,,,,,,,,,,,,,,,,,,,,
POINT (-46.7241491 -23.5861007),,,subway_entrance,B,,,,,,,,,,,,,,,,,,,,,,,,,,,,,,,,,,,,,,,,,,,,,,,,,,,,,,,,,,,,,,,,,,,,,,,,
POINT (-46.4770297 -23.6118755),,,subway_entrance,,,,,,,,,2019-12-16,,,,,,,,,,,,,,,,,,,,,,,,,,,,,,,,,,,,,,,,,,,,,,,,,,,,,,,,,,,,,,,,
POINT (-46.6371936 -23.598159),,,subway_entrance,,,,,,,,,,,,,,,,,,,,,,,,,,,,,,,,,,,,,,,,,,,,,,,,,,,,,,,,,,,,,,,,,,,,,,,,,
POINT (-46.5008503 -23.6144384),,,subway_entrance,,,,,,,,,,,,,,,,,,,,,,,,,,,,,,,,,,,,,,,,,,,,,,,,,,,,,,,,,,,,,,,,,,,,,"Entrada/ Saída C, Terminal",,,,
POINT (-46.5008657 -23.6145426),,,subway_entrance,,,,,,,,,,,,,,,,,,,,,,,,,,,,,,,,,,,,,,,,,,,,,,,,,,,,,,,,,,,,,,,,,,,,,,,,,
POINT (-46.4768236 -23.6125223),,,subway_entrance,,,,,,,,,2019-12-16,,,,,,,,,,,,,,,,,,,,,,,,,,,,,,,,,,,,,,,,,,,,,,,,,,,,,,,,,,,,,,,,
POINT (-46.5154783 -23.6025421),,,subway_entrance,,,,,,,,,,,,,,,,,,,,,,,,,,,,,,,,,,,,,,,,,,,,,,,,,,,,,,,,,,,,,,,,,,,,,,,,,
POINT (-46.5156624 -23.602696),,,subway_entrance,,,,,,,,,,,,,,,,,,,,,,,,,,,,,,,,,,,,,,,,,,,,,,,,,,,,,,,,,,,,,,,,,,,,,,,,,
POINT (-46.4879201 -23.6118836),,,subway_entrance,,,,,,,,,,,,,,,,,,,,,,,,,,,,,,,,,,,,,,,,,,,,,,,,,,,,,,,,,,,,,,,,,,,,,,,,,
POINT (-46.4875839 -23.6122128),,,subway_entrance,,,,,,,,,,,,,,,,,,,,,,,,,,,,,,,,,,,,,,,,,,,,,,,,,,,,,,,,,,,,,,,,,,,,,,,,,
POINT (-46.7148851 -23.5036104),,,subway_entrance,,,,,,,,,,,,,,,,,,,,,,,,,,,,,,,,,,,,,,,,,,,,,,,,,,,,,,,,,,,,,,,,,,,,,,,,,
POINT (-46.6356153 -23.5357672),Luz,,subway_entrance,,,,,,,,,,,,,,,,,,,,,,,,,,,,,,,,,,,,,,,,,,,,,,,,,,,,,,,,,,,,,,,,,,,,,,,,,
POINT (-46.6628376 -23.5563136),,,subway_entrance,,,,,,,,,,,,,,,,,,,,,,,,,,,,,,,,,,,,,,,,,,,,,,,,,,,,,,,,,,,,,,,,,,,,,,,,,
POINT (-46.7357938 -23.5919507),,,subway_entrance,,,,,,,,,,,,,,,,,,,,,,,,,,,,,,,,,,,,,,,,,,,,,,,,,,,,,,,,,,,,,,,,,,,,,Entrada de metrô,,1,,
POINT (-46.7347318 -23.5935559),,,subway_entrance,,,,,,,,,,,,,,,,,,,,,,,,,,,,,,,,,,,,,,,,,,,,,,,,,,,,,,,,,,,,,,,,,,,,,Entrada de metrô,,,,
POINT (-46.7368434 -23.5901642),,,subway_entrance,,,,,,,,,,,yes,,,,,,,,,,,,,,,,,,,,,,,,,,,,,,,,,,,,,,,,,,,,,,,,,,,,,,,,,,,,0,,
POINT (-46.637193 -23.5981629),,,subway_entrance,,,,,,,,,,,,,,,,,,,,,,,,,,,,,,,,,,,,,,,,,,,,,,,,,,,,,,,,,,,,,,,,,,,,,,,,,
POINT (-46.6456347 -23.5986743),,,subway_entrance,,,,,,,,,,,,,,,,,,,,,,,,,,,,,,,,,,,,,,,,,,,,,,,,,,,,,,,,,,,,,,,,,,,,,,,,,
POINT (-46.6454748 -23.5986128),,,subway_entrance,,,,,,,,,,,,,,,,,,,,,,,,,,,,,,,,,,,,,,,,,,,,,,,,,,,,,,,,,,,,,,,,,,,,,,,,,
POINT (-46.7363302 -23.5906407),,,subway_entrance,,,,,,,,,,,yes,,,,,,,,,,,,,,,,,,,,,,,,,,,,,,,,,,,,,,,,,,,,,,,,,,,,,,,,,,,,0,,
POINT (-46.5161313 -23.6031724),,,subway_entrance,,,,,,,,,,,,,,,,,,,,,,,,,,,,,,,,,,,,,,,,,,,,,,,,,,,,,,,,,,,,,,,,,,,,,,,,,
POINT (-46.5168762 -23.5287848),Acesso A,,subway_entrance,A,,,,,,,,,,,,,,,,,,,,,,,,,,,,,,,,,,,,,,,,,,,,,,,,,,,,,,,,,,,,,,,,,,,,,,,,
POINT (-46.6392975 -23.5477417),,,subway_entrance,C,,,,,,,,,,yes,,,,,,,,,,,,,,,,,,,,,,,,,,,,,,,,,,,,,,,,,,,,,,,,,,,,,,,,,,,,,,
POINT (-46.6392032 -23.5478244),,,subway_entrance,C,,,,,,,,,,yes,,,,,,,,,,,,,,,,,,,,,,,,,,,,,,,,,,,,,,,,,,,,,,,,,,,,,,,,,,,,,,
POINT (-46.4689471 -23.5994017),Acesso Sul,,subway_entrance,,,,,,,,,,,yes,,,,,,,,,,,,,,,,,,,,,,,,,,,,,,,,,,,,,,,,,,,,,,,,,,,,,,,,no,,,,0,,
POINT (-46.46881 -23.5992156),Acesso Sul,,subway_entrance,,,,,,,,,,,,,,,,,,,,,,,,,,,,,,,,,,,,,,,,,,,,,,,,,,,,,,,,,,,,,,,,,,,no,,,,,,
POINT (-46.4695592 -23.5990778),Acesso Norte / ETO,,subway_entrance,,,,,,,,,,,yes,,,,,,,,,,,,,,,,,,,,,,,,,,,,,,,,,,,,,,,,,,,,,,,,,,,,,,,,no,,,,0,,
POINT (-46.5893137 -23.5439472),,,subway_entrance,,,,,,,,,,,,,,,,,,,,,,,,,,,,,,,,,,,,,,,,,,,,,,,,,,,,,,,,,,,,,,,,,,,,,,,,,
POINT (-46.5897251 -23.5423098),,,subway_entrance,,,,,,,,,,,,,,,,,,,,,,,,,,,,,,,,,,,,,,,,,,,,,,,,,,,,,,,,,,,,,,,,,,,,,,,,,
POINT (-46.6249129 -23.5165523),,,subway_entrance,,,,,,,,,,,yes,,,,,,,,,,,,,,,,,,,,,,,,,,,,,,,,,,,,,,,,,,,,,,,,,,,,,,,,,,,,0,,
POINT (-46.6614484 -23.5558486),,,subway_entrance,,,,,,,,,2023-06,,,,,,,,,,,,,,,,,,,,,,,,,,,,,,,,,,,,,,,,,,,,,,,,,,,,,,,,,,,,,,,,
POINT (-46.6356836 -23.5553192),,,subway_entrance,,,,,,,,,,,,,,,,,,,,,,,,,,,,,,,,,,,,,,,,,,,,,,,,,,,,,,,,,,,,,,,,,,,,,,,,,
POINT (-46.6820848 -23.6187328),,,subway_entrance,,,,,,,,,,,yes,,,,,,,,,,,,,,,,,,,,,,,,,,,,,,,,,,,,,,,,,,,,,,,,,,,,,,,,,,,,,,
POINT (-46.6824426 -23.6184755),,,subway_entrance,,,,,,,,,,,yes,,,,,,,,,,,,,,,,,,,,,,,,,,,,,,,,,,,,,,,,,,,,,,,,,,,,,,,,,,,,,,
POINT (-46.6210184 -23.5956862),,,subway_entrance,,,,,,,,,,,,,,,,,,,,,,,,,,,,,,,,,,,,,,,,,,,,,,,,,,,,,,,,,,,,,,,,,,,,,,,,,
POINT (-46.6345648 -23.5437629),,,subway_entrance,,,,,,,,,,,,,,,,,,,,,,,,,,,,,,,,,,,,,,,,,,,,,,,,,,,,,,,,,,,,,,,,,,,,,,,,,
POINT (-46.6488046 -23.5394093),Estação Santa Cecília - Linha Vermelha (1),,subway_entrance,,,,,,,,,,,,,,,,,,,,,,,,,,,,,,,,,,,,,,,,,,,,,,,,,,,,,,,,,,,,,,,,,,,,,,,,,
POINT (-46.501063 -23.5304615),,,subway_entrance,,,,,,,,,,,,,,,,,,,,,,,,,,,,,,,,,,,,,,,,,,,,,,,,,,,,,,,,,,,,,,,,,,,,,,,,,
POINT (-46.641183 -23.5756015),Parada Metro Paraiso,,subway_entrance,,,,,SPTrans,,,,,,yes,,,,,,,,,São Paulo,Viaduto Santa Generosa,,,,,,,,,,,04004-100,,,,,,,,,yes,,yes,,yes,,concrete,,,,,,,,,,,,,,,,,,,,yes,,,,0,yes,yes
POINT (-46.6126046 -23.6019802),,,subway_entrance,A,,,,,,,,,,,,,,,,,,,,,,,,,,,,,,,,,,,,,,,,,,,,,,,,,,,,,,,,,,,,,,,,,,,,,,,,
POINT (-46.6124138 -23.6022618),,,subway_entrance,B,,,,,,,,,,,,,,,,,,,,,,,,,,,,,,,,,,,,,,,,,,,,,,,,,,,,,,,,,,,,,,,,,,,,,,,,
POINT (-46.7350353 -23.5928913),,,subway_entrance,,,,,,,,,,,,,,,,,,,,,,,,,,,,,,,,,,,,,,,,,,,,,,,,,,,,,,,,,,,,,,,,,,,,,Entrada de metrô,,2,,
"POLYGON ((-46.6925133 -23.6336224, -46.6923133 -23.6337506, -46.692265 -23.6336867, -46.6924662 -23.6335567, -46.6925133 -23.6336224))",Estação Borba Gato,,subway_entrance,,,,,,Q4944343,,pt:Estação Borba Gato,,,yes,,,,,,,,,,,,,,,,,,,,,,,,,,,yes,,,,,,,,,,,,4.5,,,,,,,,,,,,,,,,,,,,,,,
