endereco_geo,lat,lon
"Avenida Roque Petroni Júnior, Jardim das Acácias, São Paulo, SP, Brasil",,
"Avenida Imirim, Imirim, São Paulo, SP, Brasil",-23.4963801,-46.6370371
"Alameda dos Aicás, Indianópolis, São Paulo, SP, Brasil",-23.6102091,-46.659335
"Rua Doutor Bento Teobaldo Ferraz, Várzea da Barra Funda, São Paulo, SP, Brasil",,
"Rua Intendência, Brás, São Paulo, SP, Brasil",,
"Praça Júlio Mesquita, Santa Efigênia, São Paulo, SP, Brasil",,
"Rua Aroaba, Vila Leopoldina, São Paulo, SP, Brasil",-23.5340278,-46.731179
"Rua Caminha de Amorim, Vila Madalena, São Paulo, SP, Brasil",,
"Rua Doutor Ruy de Azevedo Sodré, Vila Santa Catarina, São Paulo, SP, Brasil",,
"Rua Doutor Zuquim, Santana, São Paulo, SP, Brasil",-23.4968723,-46.6220169
"Rua Ester Samara, Jardim Cláudia, São Paulo, SP, Brasil",,
"Rua Casimiro de Abreu, Vila Congonhas, São Paulo, SP, Brasil",,
"Avenida Miruna, Indianópolis, São Paulo, SP, Brasil",-23.6144532,-46.6618342
"Avenida Rouxinol, Indianópolis, São Paulo, SP, Brasil",-23.6067697,-46.6662101
"Rua Estado de Israel, Vila Clementino, São Paulo, SP, Brasil",-23.5939191,-46.6496062
"Rua Guaicurus, Água Branca, São Paulo, SP, Brasil",-23.5221258,-46.6971404
"Avenida Ibijaú, Moema, São Paulo, SP, Brasil",-23.605575,-46.6659696
"Rua Monte Caseros, Vila Gomes, São Paulo, SP, Brasil",,
"Rua Orfanato, Vila Prudente, São Paulo, SP, Brasil",-23.577958,-46.5773727
"Rua Joaquim Floriano, Itaim Bibi, São Paulo, SP, Brasil",-23.5837269,-46.6715163
"Rua Guararapes, Brooklin Paulista, São Paulo, SP, Brasil",,
"Rua Miguel Soares Ferreira Júnior, Vila Leonor, São Paulo, SP, Brasil",,
"Rua José Alves Cunha Lima, Vila Butantã, São Paulo, SP, Brasil",,
"Rua Diogo Jácome, Vila Nova Conceição, São Paulo, SP, Brasil",,
"Rua Brás Cardoso, Vila Nova Conceição, São Paulo, SP, Brasil",,
"Rua do Gama, Jardim Luzitânia, São Paulo, SP, Brasil",,
"Rua França Pinto, Vila Mariana, São Paulo, SP, Brasil",-23.5876324,-46.6420424
"Rua Chilon, Vila Olímpia, São Paulo, SP, Brasil",-23.5941792,-46.6820409
"Alameda Campinas, Jardim Paulista, São Paulo, SP, Brasil",-23.5649359,-46.6522853
"Avenida Moema, Moema, São Paulo, SP, Brasil",-23.605624,-46.657263
"Rua Tuim, Vila Uberabinha, São Paulo, SP, Brasil",,
"Rua Carlos Sampaio, Bela Vista, São Paulo, SP, Brasil",-23.5678014,-46.6463745
"Rua Itapeva, Bela Vista, São Paulo, SP, Brasil",-23.5622762,-46.6546908
"Rua Jericó, Sumarezinho, São Paulo, SP, Brasil",-23.55133,-46.6894088
"Rua Ribeiro do Vale, Brooklin Paulista, São Paulo, SP, Brasil",,
"Rua Cincinato Braga, Bela Vista, São Paulo, SP, Brasil",-23.5672124,-46.647412
"Rua Eugênio de Medeiros, Pinheiros, São Paulo, SP, Brasil",-23.5678394,-46.7003608
"Rua Doutor Fadlo Haidar, Vila Olímpia, São Paulo, SP, Brasil",,
"Avenida Engenheiro Armando de Arruda Pereira, Vila do Encontro, São Paulo, SP, Brasil",-23.6533381,-46.6376763
"Rua Urussuí, Itaim Bibi, São Paulo, SP, Brasil",-23.5860767,-46.6763476
"Avenida Aratãs, Indianópolis, São Paulo, SP, Brasil",-23.6079622,-46.6647288
"Rua Juquis, Indianópolis, São Paulo, SP, Brasil",-23.6079559,-46.6647392
"Rua Doutor Penaforte Mendes, Bela Vista, São Paulo, SP, Brasil",-23.5545964,-46.651712
"Rua Leopoldo Couto Magalhães Júnior, Itaim Bibi, São Paulo, SP, Brasil",-23.5892049,-46.6839228
"Rua Sansão Alves dos Santos, Cidade Monções, São Paulo, SP, Brasil",,
"Rua Alvorada, Vila Olímpia, São Paulo, SP, Brasil",-23.6007823,-46.6822431
"Rua Luís Correia de Melo, Vila Cruzeiro, São Paulo, SP, Brasil",,
"Rua Joaquim Guarani, Jardim das Acácias, São Paulo, SP, Brasil",,
"Avenida Doutor Cardoso de Melo, Vila Olímpia, São Paulo, SP, Brasil",-23.5965974,-46.6887775
"Rua Pamplona, Jardim Paulista, São Paulo, SP, Brasil",-23.5650896,-46.6551169
"Rua Flórida, Cidade Monções, São Paulo, SP, Brasil",,
"Rua Aimberê, Perdizes, São Paulo, SP, Brasil",-23.5356841,-46.6802831
"Rua Barão do Triunfo, Brooklin Paulista, São Paulo, SP, Brasil",,
"Rua Marieta, Jardim América, São Paulo, SP, Brasil",,
"Rua Marcos Lopes, Vila Nova Conceição, São Paulo, SP, Brasil",,
"Rua Álvaro Rodrigues, Vila Cordeiro, São Paulo, SP, Brasil",,
"Rua Bela Cintra, Consolação, São Paulo, SP, Brasil",-23.5544191,-46.6595673
"Rua Gabriel de Lara, Vila Cordeiro, São Paulo, SP, Brasil",,
"Rua Amauri, Jardim Europa, São Paulo, SP, Brasil",-23.5800118,-46.6815317
"Alameda Casa Branca, Jardim Paulista, São Paulo, SP, Brasil",-23.5699112,-46.6639666
"Rua Balthazar da Veiga, Vila Nova Conceição, São Paulo, SP, Brasil",,
"Avenida Jamaris, Planalto Paulista, São Paulo, SP, Brasil",-23.6105642,-46.6544598
"Alameda Ministro Rocha Azevedo, Cerqueira César, São Paulo, SP, Brasil",-23.5600482,-46.6580139
"Rua Ouro Branco, Jardim Paulista, São Paulo, SP, Brasil",-23.5713422,-46.6621957
"Rua Itacema, Itaim Bibi, São Paulo, SP, Brasil",-23.5794651,-46.6732809
"Alameda dos Maracatins, Indianópolis, São Paulo, SP, Brasil",-23.6081551,-46.6618977
"Rua Doutor Paulo Vieira, Sumaré, São Paulo, SP, Brasil",-23.5436874,-46.6862983
"Rua Doutor João Clímaco Pereira, Itaim Bibi, São Paulo, SP, Brasil",-23.5897644,-46.6732365
"Rua Constantino de Sousa, Campo Belo, São Paulo, SP, Brasil",-23.6268446,-46.6824632
"Rua Gomes de Carvalho, Vila Olímpia, São Paulo, SP, Brasil",-23.5981538,-46.6829066
"Rua Haddock Lobo, Cerqueira César, São Paulo, SP, Brasil",-23.5620377,-46.6659896
"Rua Doutor Paschoal Imperatriz, Vila Gertrudes, São Paulo, SP, Brasil",,
"Rua Seridó, Jardim Europa, São Paulo, SP, Brasil",-23.582932,-46.6898418
"Rua Franz Schubert, Jardim Paulistano, São Paulo, SP, Brasil",,
"Rua Melo Alves, Cerqueira César, São Paulo, SP, Brasil",-23.5619651,-46.6714686
"Rua Doutor Tomás Carvalhal, Paraíso, São Paulo, SP, Brasil",-23.5755758,-46.6423544
"Rua dos Franceses, Morro dos Ingleses, São Paulo, SP, Brasil",-23.5598561,-46.6476782
"Rua Airosa Galvão, Água Branca, São Paulo, SP, Brasil",,
"Alameda Franca, Jardim Paulista, São Paulo, SP, Brasil",-23.5648871,-46.6599652
"Rua Henri Dunant, Santo Amaro, São Paulo, SP, Brasil",-23.6329206,-46.6951551
"Rua Oscar Freire, Pinheiros, São Paulo, SP, Brasil",-23.5507537,-46.6787992
"Alameda Lorena, Jardim Paulista, São Paulo, SP, Brasil",-23.5657118,-46.6638687
"Avenida Eusébio Matoso, Pinheiros, São Paulo, SP, Brasil",-23.5719579,-46.6993232
"Rua Jesuíno Arruda, Itaim Bibi, São Paulo, SP, Brasil",-23.5820151,-46.6744995
"Rua George Ohm, Cidade Monções, São Paulo, SP, Brasil",,
"Rua Guarará, Jardim Paulista, São Paulo, SP, Brasil",-23.5726734,-46.6584631
"Alameda Jauaperi, Moema, São Paulo, SP, Brasil",-23.6012027,-46.663643
"Avenida Ibirapuera, Indianópolis, São Paulo, SP, Brasil",-23.6037245,-46.6622258
"Rua Santa Justina, Vila Olímpia, São Paulo, SP, Brasil",-23.5945421,-46.673837
"Alameda Jaú, Jardim Paulista, São Paulo, SP, Brasil",-23.5687324,-46.6517132
"Rua Cordisburgo, Jardim Leonor, São Paulo, SP, Brasil",,
"Rua Tenente Negrão, Itaim Bibi, São Paulo, SP, Brasil",-23.5852244,-46.6712926
"Alameda Raja Gabaglia, Vila Olímpia, São Paulo, SP, Brasil",-23.5947924,-46.6887796
"Rua Pablo Picasso, Água Branca, São Paulo, SP, Brasil",,
"Rua Ásia, Cerqueira César, São Paulo, SP, Brasil",,
"Rua Vicente Leporace, Campo Belo, São Paulo, SP, Brasil",-23.6216497,-46.6671293
"Rua Cristiano Viana, Cerqueira César, São Paulo, SP, Brasil",,
"Avenida Jandira, Indianópolis, São Paulo, SP, Brasil",-23.6111321,-46.6573051
"Alameda dos Arapanés, Moema, São Paulo, SP, Brasil",-23.6075409,-46.6678523
"Rua Osório Duque Estrada, Paraíso, São Paulo, SP, Brasil",-22.7522647,-47.6413619
"Rua Coronel Artur de Paula Ferreira, Vila Nova Conceição, São Paulo, SP, Brasil",,
"Rua Professor Atílio Innocenti, Vila Nova Conceição, São Paulo, SP, Brasil",,
"Rua Doutor Manuel Carlos de Figueiredo Ferraz, Jardim Morumbi, São Paulo, SP, Brasil",,
"Rua Salvador de Mendonça, Jardim Europa, São Paulo, SP, Brasil",-23.5773709,-46.6854278
"Rua Cancioneiro Popular, Santo Amaro, São Paulo, SP, Brasil",-23.6290124,-46.6939727
"Avenida Rubem Berta, Indianópolis, São Paulo, SP, Brasil",-23.6052672,-46.6516126
"Avenida Macuco, Moema, São Paulo, SP, Brasil",-23.6043822,-46.6657273
"Rua Ministro Luiz Gallotti, Vila Cordeiro, São Paulo, SP, Brasil",,
"Rua da Consolação, Cerqueira César, São Paulo, SP, Brasil",-23.560858,-46.6684232
"Rua Pedroso Alvarenga, Itaim Bibi, São Paulo, SP, Brasil",-23.5820241,-46.6791807
"Rua Doutor Rubens Gomes Bueno, Várzea de Baixo, São Paulo, SP, Brasil",,
"Rua Mário Augusto do Carmo, Jardim Avelino, São Paulo, SP, Brasil",,
"Rua Cotoxó, Perdizes, São Paulo, SP, Brasil",-23.5350193,-46.6869964
"Rua Jaboticabal, Vila Bertioga, São Paulo, SP, Brasil",,
"Avenida Antônio Joaquim de Moura Andrade, Vila Nova Conceição, São Paulo, SP, Brasil",,
"Rua Paulo de Avelar, Vila Dom Pedro II, São Paulo, SP, Brasil",,
"Avenida Bosque da Saúde, Saúde, São Paulo, SP, Brasil",-23.6115188,-46.6298677
"Rua Alves Guimarães, Pinheiros, São Paulo, SP, Brasil",-23.5499236,-46.6823512
"Rua Bueno de Andrade, Aclimação, São Paulo, SP, Brasil",-23.5617482,-46.6315867
"Rua Padre João Manuel, Cerqueira César, São Paulo, SP, Brasil",-23.563212,-46.6636378
"Rua Guaonés, Jardim Guedala, São Paulo, SP, Brasil",,
"Avenida Cidade Jardim, Itaim Bibi, São Paulo, SP, Brasil",-23.5820969,-46.6851901
"Rua Manuel Guedes, Jardim Europa, São Paulo, SP, Brasil",-23.5805493,-46.6801914
"Rua Jean Peltier, Cidade Monções, São Paulo, SP, Brasil",,
"Avenida Santo Amaro, Vila Nova Conceição, São Paulo, SP, Brasil",,
"Avenida Giovanni Gronchi, Morumbi, São Paulo, SP, Brasil",-23.6092732,-46.7264387
"Alameda Joaquim Eugênio de Lima, Jardim Paulista, São Paulo, SP, Brasil",-23.5710111,-46.6556779
"Rua Tabajaras, Mooca, São Paulo, SP, Brasil",-23.5646737,-46.5999374
"Rua dos Pinheiros, Pinheiros, São Paulo, SP, Brasil",-23.5681518,-46.6903671
"Rua Dona Aurora Alegretti, Jardim Caravelas, São Paulo, SP, Brasil",,
"Avenida Vereador José Diniz, Santo Amaro, São Paulo, SP, Brasil",-23.6333433,-46.6902798
"Rua Ponta Delgada, Vila Olímpia, São Paulo, SP, Brasil",-23.599484,-46.6837623
"Avenida Lavandisca, Indianópolis, São Paulo, SP, Brasil",-23.6036102,-46.6632371
"Rua Piauí, Higienópolis, São Paulo, SP, Brasil",-23.5480064,-46.6530161
"Rua Passo da Pátria, Bela Aliança, São Paulo, SP, Brasil",-23.5286203,-46.7251743
"Alameda Itu, Jardim Paulista, São Paulo, SP, Brasil",-23.5666844,-46.6562973
"Rua Barão de Capanema, Cerqueira César, São Paulo, SP, Brasil",-23.5680314,-46.6653279
"Rua Ocrísia, City América, São Paulo, SP, Brasil",,
"Avenida Darcy Reis, Parque dos Príncipes, São Paulo, SP, Brasil",-23.574458,-46.7730718
"Travessa Suzano, Jardim Catanduva, São Paulo, SP, Brasil",,
"Viela Nova York, Cantinho do Céu, São Paulo, SP, Brasil",-23.743638,-46.6620281
"Avenida Presidente Juscelino Kubitschek, Vila Nova Conceição, São Paulo, SP, Brasil",,
"Rua Oscar Freire, Cerqueira César, São Paulo, SP, Brasil",-23.563954,-46.6680317
"Rua Marechal Bitencourt, Jardim Paulista, São Paulo, SP, Brasil",,
"Rua Joinville, Vila Mariana, São Paulo, SP, Brasil",,
"Rua dos Caciques, Vila da Saúde, São Paulo, SP, Brasil",,
"Rua Barata Ribeiro, Bela Vista, São Paulo, SP, Brasil",-23.5565217,-46.6533163
"Avenida Brigadeiro Luís Antônio, Jardim Paulista, São Paulo, SP, Brasil",-23.5687662,-46.6500111
"Rua Abílio Soares, Paraíso, São Paulo, SP, Brasil",-23.5745404,-46.6455585
"Rua Sampaio Viana, Paraíso, São Paulo, SP, Brasil",-23.5741589,-46.6474085
"Rua Fradique Coutinho, Pinheiros, São Paulo, SP, Brasil",-23.5516588,-46.6943828
"Rua Forte Ernesto, Vila Carrão, São Paulo, SP, Brasil",-23.5545451,-46.5247869
"Rua Francisco Cruz, Vila Mariana, São Paulo, SP, Brasil",-23.5897567,-46.6297477
"Rua Batataes, Jardim Paulista, São Paulo, SP, Brasil",-23.5709376,-46.6566778
"Avenida Santo Amaro, Brooklin Paulista, São Paulo, SP, Brasil",,
"Rua Maratona, Vila Alexandria, São Paulo, SP, Brasil",-23.6425981,-46.6707776
"Rua Coronel Joaquim Ferreira Lobo, Vila Nova Conceição, São Paulo, SP, Brasil",,
"Rua São Constâncio, Vila Mafra, São Paulo, SP, Brasil",,
"Alameda dos Guaramomis, Planalto Paulista, São Paulo, SP, Brasil",,
"Rua Kansas, Brooklin Paulista, São Paulo, SP, Brasil",,
"Alameda Fernão Cardim, Jardim Paulista, São Paulo, SP, Brasil",-23.5688932,-46.653201
"Rua Marechal Barbacena, Vila Regente Feijó, São Paulo, SP, Brasil",,
"Rua Adele, Jardim Dom Bosco, São Paulo, SP, Brasil",,
"Avenida Nova Independência, Brooklin Paulista, São Paulo, SP, Brasil",-23.600442,-46.6885746
"Rua Elvira Ferraz, Vila Olímpia, São Paulo, SP, Brasil",-23.5943995,-46.6796899
"Rua Doutor Guilherme Bannitz, Itaim Bibi, São Paulo, SP, Brasil",-23.5891661,-46.6731058
"Rua das Sempre-Vivas, Jardim das Acácias, São Paulo, SP, Brasil",,
"Rua Capote Valente, Pinheiros, São Paulo, SP, Brasil",-23.5507285,-46.6804231
"Alameda dos Jurupis, Indianópolis, São Paulo, SP, Brasil",-23.6129997,-46.6679828
"Rua Pintassilgo, Vila Uberabinha, São Paulo, SP, Brasil",,
"Rua Paim, Bela Vista, São Paulo, SP, Brasil",-23.5548182,-46.6490374
"Rua José Maria Lisboa, Jardim Paulista, São Paulo, SP, Brasil",-23.567608,-46.6585072
"Rua Funchal, Vila Olímpia, São Paulo, SP, Brasil",-23.5941962,-46.6899264
"Rua Visconde da Luz, Vila Nova Conceição, São Paulo, SP, Brasil",,
"Rua Luiz dos Santos Cabral, Jardim Anália Franco, São Paulo, SP, Brasil",-23.555648,-46.5618966
"Rua Araguari, Vila Uberabinha, São Paulo, SP, Brasil",,
"Rua Nova York, Brooklin Paulista, São Paulo, SP, Brasil",,
"Rua Carlos Weber, Vila Leopoldina, São Paulo, SP, Brasil",-23.5231108,-46.7336819
"Rua Piracuama, Perdizes, São Paulo, SP, Brasil",-23.5391653,-46.6819838
"Rua Quatá, Vila Olímpia, São Paulo, SP, Brasil",-23.5978781,-46.6786808
"Rua Franklin Magalhães, Vila Santa Catarina, São Paulo, SP, Brasil",-23.6523563,-46.6569696
"Rua Doutor Eduardo de Souza Aranha, Vila Nova Conceição, São Paulo, SP, Brasil",,
"Rua Campos Bicudo, Jardim Europa, São Paulo, SP, Brasil",,
"Rua Professor José Leite e Oiticica, Vila Gertrudes, São Paulo, SP, Brasil",,
"Avenida Armando Ferrentini, Paraíso, São Paulo, SP, Brasil",-23.5771036,-46.6365224
"Avenida Brigadeiro Luís Antônio, Bela Vista, São Paulo, SP, Brasil",-23.5620671,-46.6447527
"Rua Fagundes Dias, Saúde, São Paulo, SP, Brasil",-23.617312,-46.6401157
"Rua Inhambú, Vila Uberabinha, São Paulo, SP, Brasil",,
"Rua Doutor Diogo de Faria, Vila Clementino, São Paulo, SP, Brasil",-23.5955624,-46.6455736
"Rua Luís Coelho, Consolação, São Paulo, SP, Brasil",-23.556641,-46.6593079
"Rua Bragança Paulista, Vila Cruzeiro, São Paulo, SP, Brasil",-22.9390292,-46.5495679
"Rua Marina Ciufuli Zanfelice, Lapa, São Paulo, SP, Brasil",-23.5128377,-46.7049644
"Rua Conde de Porto Alegre, Campo Belo, São Paulo, SP, Brasil",-23.622107,-46.6735635
"Rua Jaguaribe, Vila Buarque, São Paulo, SP, Brasil",,
"Rua Agostinho Rodrigues Filho, Vila Clementino, São Paulo, SP, Brasil",,
"Rua Maestro Cardim, Liberdade, São Paulo, SP, Brasil",,
"Rua Maria Carolina, Jardim Paulistano, São Paulo, SP, Brasil",,
"Rua Padre Lebret, Jardim Leonor, São Paulo, SP, Brasil",,
"Rua Dona Antônia de Queirós, Consolação, São Paulo, SP, Brasil",-23.5529893,-46.6521182
"Rua Fernando de Albuquerque, Consolação, São Paulo, SP, Brasil",-23.5538321,-46.6579106
"Rua Adolfo Tabacow, Itaim Bibi, São Paulo, SP, Brasil",-23.5841146,-46.6845401
"Rua Escobar Ortiz, Vila Nova Conceição, São Paulo, SP, Brasil",,
"Rua Aracuípe, Jardim Prudência, São Paulo, SP, Brasil",,
"Rua Gararu, Vila Nova Conceição, São Paulo, SP, Brasil",,
"Rua dos Três Irmãos, Vila Progredior, São Paulo, SP, Brasil",,
"Rua Imbituba, Vila Prudente, São Paulo, SP, Brasil",-23.583139,-46.5822586
"Rua Doutor Homem de Melo, Perdizes, São Paulo, SP, Brasil",-23.5308007,-46.6777516
"Rua Diamante Preto, Chácara Califórnia, São Paulo, SP, Brasil",,
"Rua Fidêncio Ramos, Vila Olímpia, São Paulo, SP, Brasil",-23.5948472,-46.6858799
"Rua Joaquim Távora, Vila Mariana, São Paulo, SP, Brasil",-23.5874358,-46.6447172
"Rua do Rocio, Vila Olímpia, São Paulo, SP, Brasil",-23.5940826,-46.6862333
"Avenida Marginal do Rio Pinheiros, Jardim Fonte do Morumbi, São Paulo, SP, Brasil",,
"Avenida Angélica, Santa Cecília, São Paulo, SP, Brasil",-23.5362771,-46.6541298
"Rua da Consolação, Consolação, São Paulo, SP, Brasil",-23.547945,-46.64881
"Avenida Açocê, Indianópolis, São Paulo, SP, Brasil",-23.6050741,-46.6544982
"Avenida Rio Branco, Campos Elíseos, São Paulo, SP, Brasil",,
"Rua Bandeira Paulista, Itaim Bibi, São Paulo, SP, Brasil",-23.5815268,-46.6766371
"Rua Francisco Valente, Jardim Ester Yolanda, São Paulo, SP, Brasil",,
"Rua Oliveira Dias, Jardim Paulista, São Paulo, SP, Brasil",-23.5816749,-46.6697821
"Avenida Jacutinga, Indianópolis, São Paulo, SP, Brasil",-23.6021587,-46.6667776
"Rua Augusta, Consolação, São Paulo, SP, Brasil",-23.55374,-46.6555473
"Rua Jerônimo da Veiga, Jardim Europa, São Paulo, SP, Brasil",,
"Rua Itanhatim, Vila Andrade, São Paulo, SP, Brasil",-23.6327759,-46.7300998
"Alameda Tietê, Cerqueira César, São Paulo, SP, Brasil",-23.5608548,-46.6670758
"Rua Filipinas, Alto da Lapa, São Paulo, SP, Brasil",,
"Rua Sérgio Milliet, Jardim Marajoara, São Paulo, SP, Brasil",-23.6551561,-46.6815741
"Rua Maria Antônia Ladalardo, Jardim Fonte do Morumbi, São Paulo, SP, Brasil",,
"Avenida Rudge, Bom Retiro, São Paulo, SP, Brasil",-23.5237732,-46.6500654
"Rua Botelho, Vila Guarani (Z Sul), São Paulo, SP, Brasil",,
"Rua Caçapava, Jardim Paulista, São Paulo, SP, Brasil",-23.5687718,-46.6617631
"Rua Rosa Gaeta Lazara, Brooklin Paulista, São Paulo, SP, Brasil",,
"Rua dos Tamanás, Vila Madalena, São Paulo, SP, Brasil",-23.5586044,-46.6953866
"Rua Pedro Bellegarde, Chácara Califórnia, São Paulo, SP, Brasil",,
"Rua Casa do Ator, Vila Olímpia, São Paulo, SP, Brasil",-23.5964106,-46.6842829
"Rua Joá, Alto da Mooca, São Paulo, SP, Brasil",,
"Rua Joaquim José Esteves, Santo Amaro, São Paulo, SP, Brasil",-23.6493558,-46.6939876
"Rua Antilhas, Jardim América, São Paulo, SP, Brasil",-23.5667738,-46.6710595
"Rua Francisco Pessoa, Vila Andrade, São Paulo, SP, Brasil",-23.6282824,-46.7396458
"Avenida Doutor Mário Vilas Boas Rodrigues, Jardim Dom Bosco, São Paulo, SP, Brasil",,
"Rua Hans Oersted, Cidade Monções, São Paulo, SP, Brasil",,
"Rua Marquês Olinda, Vila Dom Pedro I, São Paulo, SP, Brasil",-23.6000336,-46.6083161
"Rua Harmonia, Sumarezinho, São Paulo, SP, Brasil",-23.5474018,-46.6917482
"Rua Salto, Paraíso, São Paulo, SP, Brasil",,
"Rua Marina Saddi Haidar, Jardim Umuarama, São Paulo, SP, Brasil",,
"Rua Caraíbas, Perdizes, São Paulo, SP, Brasil",-23.5349253,-46.6842096
"Rua Nagel, Vila Leopoldina, São Paulo, SP, Brasil",-23.532702,-46.7316019
"Rua Brigadeiro Tobias, Centro, São Paulo, SP, Brasil",-23.5009365,-47.4556429
"Avenida Jabaquara, Mirandópolis, São Paulo, SP, Brasil",-23.6094086,-46.6379595
"Rua Coronel Lisboa, Vila Mariana, São Paulo, SP, Brasil",-23.5948462,-46.6396873
"Rua Doutor Neto de Araújo, Vila Mariana, São Paulo, SP, Brasil",-23.5872019,-46.6329263
"Rua Antônio de Andrade Rebelo, Retiro Morumbi, São Paulo, SP, Brasil",,
"Rua Padre José Griecco, Cidade Jardim, São Paulo, SP, Brasil",-23.595644,-46.6969025
"Rua Alonso Calhamares, Jardim Anália Franco, São Paulo, SP, Brasil",-23.5537957,-46.5667792
"Rua Deputado João Sussumu Hirata, Vila Andrade, São Paulo, SP, Brasil",-23.6262573,-46.7338453
"Rua Eunice Weaver, Jardim Anália Franco, São Paulo, SP, Brasil",-23.5567009,-46.5671879
"Rua Doutor Chibata Miyakoshi, Paraíso do Morumbi, São Paulo, SP, Brasil",,
"Vila Pamplona, Jardim Paulista, São Paulo, SP, Brasil",,
"Rua Itapeti, Vila Gomes Cardim, São Paulo, SP, Brasil",-23.5508737,-46.5656236
"Alameda Ribeirão Preto, Bela Vista, São Paulo, SP, Brasil",-23.5642726,-46.6490589
"Rua Fernão Dias, Pinheiros, São Paulo, SP, Brasil",-23.5641542,-46.6957447
"Rua Arizona, Cidade Monções, São Paulo, SP, Brasil",,
"Rua Porto Alegre, Vila Bertioga, São Paulo, SP, Brasil",-22.3694687,-46.9345599
"Rua Moliére, Vila Sofia, São Paulo, SP, Brasil",,
"Rua Vicente Pinheiro, Jardim Helga, São Paulo, SP, Brasil",,
"Rua Augusta, Cerqueira César, São Paulo, SP, Brasil",-23.5621755,-46.6644553
"Rua Vieira de Morais, Campo Belo, São Paulo, SP, Brasil",-23.6209672,-46.6732414
"Avenida Hélio Pellegrino, Vila Nova Conceição, São Paulo, SP, Brasil",,
"Rua Senador César Lacerda Vergueiro, Sumarezinho, São Paulo, SP, Brasil",-23.5499489,-46.6919016
"Rua Afonso de Freitas, Paraíso, São Paulo, SP, Brasil",-23.574489,-46.6426263
"Rua Joaquim Ferreira, Água Branca, São Paulo, SP, Brasil",,
"Rua Tucumã, Jardim Europa, São Paulo, SP, Brasil",-23.581476,-46.6890324
"Rua João Ramalho, Perdizes, São Paulo, SP, Brasil",-23.5341012,-46.6757204
"Rua Emílio Mallet, Vila Gomes Cardim, São Paulo, SP, Brasil",-23.547162,-46.568601
"Avenida Indianópolis, Indianópolis, São Paulo, SP, Brasil",-23.6047128,-46.6539193
"Rua Gonçalo Afonso, Jardim das Bandeiras, São Paulo, SP, Brasil",,
"Rua Simão Álvares, Pinheiros, São Paulo, SP, Brasil",-23.5624833,-46.6896797
"Rua Árabe, Vila Clementino, São Paulo, SP, Brasil",,
"Rua Duarte de Carvalho, Tatuapé, São Paulo, SP, Brasil",-23.5345521,-46.5718853
"Rua Engenheiro Mesquita Sampaio, Vila São Francisco (Zona Sul), São Paulo, SP, Brasil",,
"Rua Rosa das Neves, Vila Regente Feijó, São Paulo, SP, Brasil",,
"Rua Antônio Comparato, Campo Belo, São Paulo, SP, Brasil",-23.6144,-46.6693583
"Rua Boa Esperança, Chácara Santo Antônio (Zona Leste), São Paulo, SP, Brasil",,
"Rua Delfina, Vila Madalena, São Paulo, SP, Brasil",-23.5538175,-46.6943248
"Rua Helena, Vila Olímpia, São Paulo, SP, Brasil",-23.5931321,-46.6859992
"Rua Henrique Fausto Lancellotti, Nova Piraju, São Paulo, SP, Brasil",,
"Rua Cardeal Arcoverde, Pinheiros, São Paulo, SP, Brasil",-23.5596543,-46.6850549
"Rua Afonso Braz, Vila Nova Conceição, São Paulo, SP, Brasil",,
"Rua dos Estudantes, Sé, São Paulo, SP, Brasil",-23.55534,-46.6313261
"Rua Doutor Virgílio de Carvalho Pinto, Pinheiros, São Paulo, SP, Brasil",-23.5637011,-46.6833831
"Rua João de Lacerda Soares, Jardim das Acácias, São Paulo, SP, Brasil",,
"Rua Vergueiro, Vila Mariana, São Paulo, SP, Brasil",-23.5831494,-46.6371603
"Rua Paschoal Pellini, Jardim Prudência, São Paulo, SP, Brasil",,
"Rua Mateus Grou, Pinheiros, São Paulo, SP, Brasil",-23.5641602,-46.6844031
"Rua Senador Milton Campos, Santo Amaro, São Paulo, SP, Brasil",-23.6290481,-46.6909062
"Rua Loefgren, Vila Clementino, São Paulo, SP, Brasil",-23.5996462,-46.6397745
"Avenida das Carinás, Indianópolis, São Paulo, SP, Brasil",,
"Rua Iara, Itaim Bibi, São Paulo, SP, Brasil",-23.5852455,-46.6736971
"Rua Califórnia, Cidade Monções, São Paulo, SP, Brasil",,
"Rua Galeno de Almeida, Pinheiros, São Paulo, SP, Brasil",-23.5536109,-46.6791142
"Rua Gerivatiba, Butantã, São Paulo, SP, Brasil",-23.5717843,-46.7025769
"Rua Almirante Noronha, Jardim São Paulo(Zona Norte), São Paulo, SP, Brasil",,
"Rua Estuário, Chácara Monte Alegre, São Paulo, SP, Brasil",-23.6509043,-46.6804521
"Rua Anatólia, Boaçava, São Paulo, SP, Brasil",-23.5391727,-46.7263088
"Avenida Marcondes de Brito, Chácara Seis de Outubro, São Paulo, SP, Brasil",,
"Rua João Cachoeira, Vila Nova Conceição, São Paulo, SP, Brasil",,
"Rua José Batista Pereira, Campo Belo, São Paulo, SP, Brasil",-23.6194032,-46.6812036
"Rua Campos Vergueiro, Vila Anastácio, São Paulo, SP, Brasil",-23.511877,-46.7162549
"Rua Correia de Lemos, Chácara Inglesa, São Paulo, SP, Brasil",-23.6079079,-46.6324519
"Avenida Damasceno Vieira, Vila Mascote, São Paulo, SP, Brasil",-23.6462516,-46.6646988
"Rua Coronel Oscar Porto, Paraíso, São Paulo, SP, Brasil",-23.574361,-46.6465111
"Rua Chamantá, Vila Prudente, São Paulo, SP, Brasil",-23.5807754,-46.5904352
"Rua Carlos Petit, Vila Mariana, São Paulo, SP, Brasil",-23.5833965,-46.6336838
"Rua Tabatinguera, Sé, São Paulo, SP, Brasil",-23.5525187,-46.6302193
"Avenida Engenheiro Luiz Gomes Cardim Sangirardi, Vila Mariana, São Paulo, SP, Brasil",,
"Avenida Corifeu de Azevedo Marques, Vila Lageado, São Paulo, SP, Brasil",,
"Rua do Parque, Vila Dom Pedro I, São Paulo, SP, Brasil",-23.6023431,-46.6042129
"Rua Turiassu, Perdizes, São Paulo, SP, Brasil",-23.5326686,-46.6711113
"Rua Clodomiro Amazonas, Vila Nova Conceição, São Paulo, SP, Brasil",,
"Rua Michigan, Cidade Monções, São Paulo, SP, Brasil",,
"Rua Baluarte, Vila Olímpia, São Paulo, SP, Brasil",-23.6005599,-46.6753116
"Rua Aturari, Chácara Santo Antônio (Zona Leste), São Paulo, SP, Brasil",,
"Rua São Felipe, Parque São Jorge, São Paulo, SP, Brasil",-23.5326401,-46.5692294
"Rua Bento Gonçalves, Vila Regente Feijó, São Paulo, SP, Brasil",,
"Rua Dona Elisa de Moraes Mendes, Vila Madalena, São Paulo, SP, Brasil",,
"Rua Francisco Leitão, Pinheiros, São Paulo, SP, Brasil",-23.5622549,-46.6805211
"Rua Cananéia, Vila Prudente, São Paulo, SP, Brasil",-23.5797773,-46.5788973
"Rua Jorge Tibiriçá, Vila Mariana, São Paulo, SP, Brasil",-23.5982957,-46.6313444
"Rua Rio Branco Paranhos, Capão Redondo, São Paulo, SP, Brasil",,
"Rua do Estilo Barroco, Santo Amaro, São Paulo, SP, Brasil",-23.6301128,-46.6915761
"Rua das Jabuticabeiras, Cidade Jardim, São Paulo, SP, Brasil",-23.5942133,-46.7027751
"Rua Jacques Félix, Vila Nova Conceição, São Paulo, SP, Brasil",,
"Rua Monte Alegre, Perdizes, São Paulo, SP, Brasil",-23.5377679,-46.6702094
"Rua Patápio Silva, Jardim das Bandeiras, São Paulo, SP, Brasil",,
"Rua das Fiandeiras, Vila Olímpia, São Paulo, SP, Brasil",,
"Rua João Fugulin, Jardim Germânia, São Paulo, SP, Brasil",-23.6548519,-46.7582548
"Rua Susano, Jardim Paulista, São Paulo, SP, Brasil",,
"Rua Pais de Araújo, Itaim Bibi, São Paulo, SP, Brasil",-23.5836031,-46.6812825
"Rua Macurapé, Vila Nova Conceição, São Paulo, SP, Brasil",,
"Rua Ministro Jesuíno Cardoso, Vila Nova Conceição, São Paulo, SP, Brasil",,
"Rua São Benedito, Santo Amaro, São Paulo, SP, Brasil",-23.6330899,-46.69071
"Rua Canuto Borelli, Vila Castelo, São Paulo, SP, Brasil",,
"Rua Galofre, Jardim Vila Mariana, São Paulo, SP, Brasil",-23.5910211,-46.6227062
"Rua Pirandello, Brooklin Paulista, São Paulo, SP, Brasil",,
"Avenida Pavão, Indianópolis, São Paulo, SP, Brasil",-23.6075608,-46.6669554
"Rua Tabapuã, Itaim Bibi, São Paulo, SP, Brasil",-23.5845636,-46.6811051
"Rua Frei Caneca, Consolação, São Paulo, SP, Brasil",-23.5520031,-46.6496006
"Rua Godói Colaço, Vila Cordeiro, São Paulo, SP, Brasil",,
"Rua Pascal, Campo Belo, São Paulo, SP, Brasil",-23.6222314,-46.669954
"Rua Marquês de Valença, Alto da Mooca, São Paulo, SP, Brasil",,
"Rua Doutor Rubens Maragliano, Jardim Leonor, São Paulo, SP, Brasil",,
"Rua Potiguar Medeiros, Pinheiros, São Paulo, SP, Brasil",-23.5677248,-46.6860727
"Avenida Engenheiro Armando de Arruda Pereira, Jabaquara, São Paulo, SP, Brasil",-23.637092,-46.6411871
"Rua Indiana, Brooklin Paulista, São Paulo, SP, Brasil",,
"Rua General Mena Barreto, Jardim Paulista, São Paulo, SP, Brasil",-23.5794246,-46.6646691
"Praça Mário Ortiz, Quinta da Paineira, São Paulo, SP, Brasil",,
"Rua Oscar Pereira da Silva, Itaim Bibi, São Paulo, SP, Brasil",-23.5831827,-46.6713226
"Alameda dos Anapurus, Indianópolis, São Paulo, SP, Brasil",-23.6067561,-46.6575787
"Rua Honorato das Neves, Jardim Carombé, São Paulo, SP, Brasil",,
"Rua José Benedito Viana de Moraes, Cidade São Francisco, São Paulo, SP, Brasil",,
"Avenida Portugal, Brooklin Paulista, São Paulo, SP, Brasil",,
"Largo do Arouche, República, São Paulo, SP, Brasil",-23.5410441,-46.6453733
"Rua Capri, Pinheiros, São Paulo, SP, Brasil",-23.5675053,-46.700859
"Rua Doutor Amâncio de Carvalho, Vila Mariana, São Paulo, SP, Brasil",-23.5847276,-46.6477163
"Rua Brás Lourenço, Vila Mariana, São Paulo, SP, Brasil",-23.5824879,-46.6237898
"Rua Mourato Coelho, Pinheiros, São Paulo, SP, Brasil",-23.5644742,-46.6869186
"Rua Tirana, Vila Formosa, São Paulo, SP, Brasil",-23.5660498,-46.5447587
"Avenida Nove de Julho, Jardim Paulista, São Paulo, SP, Brasil",-23.5717659,-46.6641574
"Rua Doutor Celso Dario Guimarães, Jardim Morumbi, São Paulo, SP, Brasil",-23.6082486,-46.7171554
"Avenida Aparecida do Rio Negro, Jardim Íris, São Paulo, SP, Brasil",-23.5005468,-46.7189087
"Rua Cristianópolis, Alto da Mooca, São Paulo, SP, Brasil",,
"Rua Dona Germaine Burchard, Água Branca, São Paulo, SP, Brasil",,
"Rua Verbo Divino, Chácara Santo Antônio (Zona Sul), São Paulo, SP, Brasil",,
"Avenida Doutor Cândido Motta Filho, Cidade São Francisco, São Paulo, SP, Brasil",,
"Rua Pedro Campana, Jardim Vila Mariana, São Paulo, SP, Brasil",-23.5865119,-46.6208699
"Rua Doutor João Pinheiro, Jardim Paulista, São Paulo, SP, Brasil",-23.5751457,-46.6644721
"Rua Arandu, Brooklin Paulista, São Paulo, SP, Brasil",,
"Rua Salete, Santana, São Paulo, SP, Brasil",-23.5015371,-46.6272156
"Alameda Santos, Cerqueira César, São Paulo, SP, Brasil",-23.5569896,-46.6634724
"Rua São Tomé, Vila Olímpia, São Paulo, SP, Brasil",-23.5941988,-46.6890752
"Rua Conde de Sarzedas, Sé, São Paulo, SP, Brasil",-23.5540989,-46.6305713
"Rua Jacatirão, Chácara Monte Alegre, São Paulo, SP, Brasil",-23.6447816,-46.6755289
"Rua Carlos Steinen, Paraíso, São Paulo, SP, Brasil",-23.576192,-46.647981
"Rua Ucaiari, Alto da Lapa, São Paulo, SP, Brasil",,
"Rua João de Sousa Dias, Campo Belo, São Paulo, SP, Brasil",-23.621604,-46.6741874
"Rua Professor Carlos de Carvalho, Itaim Bibi, São Paulo, SP, Brasil",-23.5833038,-46.6801817
"Rua Luisiania, Brooklin Paulista, São Paulo, SP, Brasil",,
"Rua Professor Benedito Montenegro, Fazenda Morumbi, São Paulo, SP, Brasil",,
"Rua Canumá, Jardim dos Estados, São Paulo, SP, Brasil",-23.6364649,-46.6886991
"Rua Padre Carvalho, Pinheiros, São Paulo, SP, Brasil",-23.5667326,-46.6964988
"Rua João Manuel, Chácara Califórnia, São Paulo, SP, Brasil",,
"Avenida Divino Salvador, Planalto Paulista, São Paulo, SP, Brasil",,
"Rua Rodrigo Vieira, Jardim Vila Mariana, São Paulo, SP, Brasil",-23.5890099,-46.6242036
"Rua Biguaçu, Vila Carrão, São Paulo, SP, Brasil",-23.550125,-46.5308172
"Rua Dom Rosalvo, Sumarezinho, São Paulo, SP, Brasil",,
"Rua Marie Nader Calfat, Jardim Ampliação, São Paulo, SP, Brasil",,
"Rua Pássaros e Flores, Jardim das Acácias, São Paulo, SP, Brasil",,
"Rua Francisco Dias Velho, Vila Cordeiro, São Paulo, SP, Brasil",,
"Avenida dos Eucaliptos, Indianópolis, São Paulo, SP, Brasil",-23.6055257,-46.6747235
"Avenida Manoel dos Reis Araújo, Jardim Marajoara, São Paulo, SP, Brasil",-23.6537052,-46.6837086
"Rua dos Crisântemos, Mirandópolis, São Paulo, SP, Brasil",-23.6065571,-46.6396163
"Rua Doutor Renato Paes de Barros, Itaim Bibi, São Paulo, SP, Brasil",-23.5784123,-46.6754416
"Rua Francisco Bayardo, Perdizes, São Paulo, SP, Brasil",-23.5387932,-46.6875022
"Rua Baependi, Tatuapé, São Paulo, SP, Brasil",-23.5290606,-46.5767022
"Alameda dos Tupiniquins, Planalto Paulista, São Paulo, SP, Brasil",,
"Rua Zacarias de Gois, Parque Colonial, São Paulo, SP, Brasil",,
"Rua Aragão, Vila Mazzei, São Paulo, SP, Brasil",-23.4724128,-46.6027798
"Praça Renzo Pagliari, Cidade Jardim, São Paulo, SP, Brasil",-23.597782,-46.7022955
"Rua Padre Landell de Moura, Jardim Anália Franco, São Paulo, SP, Brasil",-23.5547228,-46.564306
"Avenida Dona Maria Mesquita de Mota e Silva, Fazenda Morumbi, São Paulo, SP, Brasil",,
"Rua Caconde, Jardim Paulista, São Paulo, SP, Brasil",-23.5736172,-46.6595295
"Rua Gaivota, Moema, São Paulo, SP, Brasil",-23.5982058,-46.6625869
"Rua Argentina, Jardim América, São Paulo, SP, Brasil",-23.5693159,-46.6675286
"Rua Maquerobi, Saúde, São Paulo, SP, Brasil",-23.6124821,-46.6391743
"Rua Gil Eanes, Campo Belo, São Paulo, SP, Brasil",-23.61506,-46.6775767
"Rua Tietequera, Vila Zilda (Tatuapé), São Paulo, SP, Brasil",,
"Praça General Gentil Falcão, Cidade Monções, São Paulo, SP, Brasil",,
"Rua Artur Sabóia, Paraíso, São Paulo, SP, Brasil",-23.5777504,-46.6376197
"Rua Bresser, Brás, São Paulo, SP, Brasil",-23.5332648,-46.6130139
"Rua Aliança Liberal, Bela Aliança, São Paulo, SP, Brasil",-23.5230421,-46.7219497
"Avenida Regente Feijó, Vila Regente Feijó, São Paulo, SP, Brasil",-22.218232,-51.3093023
"Rua Andréa Paulinetti, Jardim das Acácias, São Paulo, SP, Brasil",,
"Rua Acuruá, Vila Romana, São Paulo, SP, Brasil",,
"Rua Bartira, Perdizes, São Paulo, SP, Brasil",-23.5387731,-46.6715138
"Rua Ossian Terceiro Teles, Jardim Prudência, São Paulo, SP, Brasil",,
"Rua João dos Santos Werneck, Jardim Consórcio, São Paulo, SP, Brasil",,
"Avenida Magalhães de Castro, Butantã, São Paulo, SP, Brasil",-23.5600191,-46.7118506
"Rua General Júlio Marcondes Salgado, Campos Elíseos, São Paulo, SP, Brasil",,
"Rua Santa Gertrudes, Chácara Santo Antônio (Zona Leste), São Paulo, SP, Brasil",,
"Rua Itapimirum, Vila Andrade, São Paulo, SP, Brasil",-23.6330813,-46.7331285
"Rua Quintana, Cidade Monções, São Paulo, SP, Brasil",,
"Rua Minerva, Perdizes, São Paulo, SP, Brasil",-23.5333211,-46.6723485
"Rua André da Fonseca, Jardim Japão, São Paulo, SP, Brasil",-23.4995395,-46.5895514
"Rua Henrique Sertório, Tatuapé, São Paulo, SP, Brasil",-23.5366481,-46.5780235
"Rua Domingos de Morais, Vila Mariana, São Paulo, SP, Brasil",-23.5962844,-46.6365597
"Rua Paulistânia, Sumarezinho, São Paulo, SP, Brasil",-23.5474237,-46.6913282
"Rua Doutor Mário Ferraz, Jardim Europa, São Paulo, SP, Brasil",-23.5815674,-46.6872733
"Rua Adolfo Schnabel, Vila Ema, São Paulo, SP, Brasil",,
"Avenida Afonso Mariano Fagundes, Saúde, São Paulo, SP, Brasil",-23.6152421,-46.6391117
"Rua Professor Doutor José Marques da Cruz, Jardim das Acácias, São Paulo, SP, Brasil",,
"Rua dos Macaxás, Vila Nair, São Paulo, SP, Brasil",,
"Rua João Simões de Souza, Parque Reboucas, São Paulo, SP, Brasil",,
"Rua Doutor Bacelar, Vila Clementino, São Paulo, SP, Brasil",-23.596051,-46.647796
"Rua Osiris Magalhães de Almeida, Jardim Monte Kemel, São Paulo, SP, Brasil",,
"Rua Nebraska, Brooklin Novo, São Paulo, SP, Brasil",-23.61009,-46.681847
"Rua Guairá, Saúde, São Paulo, SP, Brasil",-23.6121942,-46.6318992
"Rua Naná, Vila Ema, São Paulo, SP, Brasil",,
"Rua Pais Leme, Pinheiros, São Paulo, SP, Brasil",-23.5681439,-46.7011409
"Rua Gravataí, Consolação, São Paulo, SP, Brasil",-23.5489144,-46.6479256
"Rua Gonçalo Pedrosa, Vila Monumento, São Paulo, SP, Brasil",-23.5819293,-46.6114447
"Rua Doutor João Batista Bernardes de Lima, Chácara Inglesa (Zona Norte), São Paulo, SP, Brasil",,
"Rua Wanderley, Perdizes, São Paulo, SP, Brasil",-23.5361721,-46.6809381
"Rua do Símbolo, Jardim Ampliação, São Paulo, SP, Brasil",,
"Rua Doutor Afonso Vergueiro, Vila Maria, São Paulo, SP, Brasil",-23.518183,-46.5839473
"Rua Assungui, Vila Gumercindo, São Paulo, SP, Brasil",-23.6070749,-46.6177288
"Rua General Chagas Santos, Vila da Saúde, São Paulo, SP, Brasil",-23.6181267,-46.6325313
"Rua Gabriele D'Annunzio, Campo Belo, São Paulo, SP, Brasil",,
"Rua Tucuna, Perdizes, São Paulo, SP, Brasil",-23.5344103,-46.6852008
"Rua Xavier Gouveia, Parque Colonial, São Paulo, SP, Brasil",,
"Avenida Pedroso de Morais, Pinheiros, São Paulo, SP, Brasil",-23.5609742,-46.6937263
"Praça Cassiano Nogueira, Vila Mariana, São Paulo, SP, Brasil",-23.5883859,-46.6263631
"Rua Eleonora Cintra, Jardim Anália Franco, São Paulo, SP, Brasil",-23.5574104,-46.5589654
"Rua Presidente Prudente, Jardim Paulista, São Paulo, SP, Brasil",-23.5700757,-46.6630858
"Rua Cardoso de Almeida, Sumaré, São Paulo, SP, Brasil",-23.5510318,-46.6754397
"Avenida Cotovia, Indianópolis, São Paulo, SP, Brasil",-23.6091492,-46.6684454
"Praça Moreira Cabral, Vila Nova Conceição, São Paulo, SP, Brasil",,
"Rua Humberto I, Vila Mariana, São Paulo, SP, Brasil",-23.5821218,-46.6428231
"Rua Ministro Gabriel de Rezende Passos, Moema, São Paulo, SP, Brasil",-23.5988643,-46.6639494
"Rua do Lavapés, Cambuci, São Paulo, SP, Brasil",-23.5618326,-46.6229048
"Avenida Onze de Junho, Vila Clementino, São Paulo, SP, Brasil",,
"Rua Leôncio de Carvalho, Paraíso, São Paulo, SP, Brasil",-23.5715733,-46.6468092
"Rua Conde Prates, Parque da Mooca, São Paulo, SP, Brasil",-23.5683927,-46.5916458
"Rua Tatuí, Jardim Paulista, São Paulo, SP, Brasil",-23.5664432,-46.6615839
"Rua Francisco Marcondes Vieira, Lar São Paulo, São Paulo, SP, Brasil",,
"Rua Venâncio Aires, Vila Pompéia, São Paulo, SP, Brasil",,
"Rua Madre de Deus, Mooca, São Paulo, SP, Brasil",-23.5661856,-46.5910866
"Rua Tomé de Souza, Lapa, São Paulo, SP, Brasil",-23.5258655,-46.7089779
"Rua Oliveira Pimentel, Jardim Paulista, São Paulo, SP, Brasil",,
"Rua Nova Cidade, Vila Olímpia, São Paulo, SP, Brasil",-23.5990335,-46.680537
"Rua Maranhão, Higienópolis, São Paulo, SP, Brasil",-23.5438582,-46.6584942
"Rua Borges Lagoa, Vila Clementino, São Paulo, SP, Brasil",-23.5970665,-46.643264
"Rua Correia Dias, Paraíso, São Paulo, SP, Brasil",-23.5767423,-46.6421475
"Rua Alexandre Dumas, Chácara Santo Antônio (Zona Sul), São Paulo, SP, Brasil",,
"Rua Conde de Sousel, Jardim das Bandeiras, São Paulo, SP, Brasil",,
"Rua Professor Manoelito de Ornellas, Chácara Santo Antônio (Zona Sul), São Paulo, SP, Brasil",,
"Rua Bueno Brandão, Vila Nova Conceição, São Paulo, SP, Brasil",,
"Avenida Santo Amaro, Santo Amaro, São Paulo, SP, Brasil",-23.6293085,-46.689394
"Rua Puréus, Jardim Guedala, São Paulo, SP, Brasil",,
"Rua Paula Ney, Vila Mariana, São Paulo, SP, Brasil",-23.5770161,-46.6346251
"Avenida Padre Antônio José dos Santos, Cidade Monções, São Paulo, SP, Brasil",,
"Avenida Sabiá, Indianópolis, São Paulo, SP, Brasil",-23.5987812,-46.6675254
"Rua Manguatá, Cidade Monções, São Paulo, SP, Brasil",,
"Rua Airi, Vila Gomes Cardim, São Paulo, SP, Brasil",-23.5406034,-46.568558
"Rua Manolo Florentino, Loteamento Reserva Raposo, São Paulo, SP, Brasil",,
"Rua Antônio Felício, Itaim Bibi, São Paulo, SP, Brasil",-23.5789008,-46.674391
"Rua Alagoas, Higienópolis, São Paulo, SP, Brasil",-23.5472405,-46.6563155
"Rua Peixoto Gomide, Jardim Paulista, São Paulo, SP, Brasil",-23.5651209,-46.6614185
"Rua Cayowaá, Sumaré, São Paulo, SP, Brasil",-23.5445383,-46.6879637
"Rua Rodrigues Barbosa, Vila Regente Feijó, São Paulo, SP, Brasil",,
"Rua Frei Gaspar, Mooca, São Paulo, SP, Brasil",-23.5482579,-46.6061025
"Rua Ministro Godói, Perdizes, São Paulo, SP, Brasil",-23.537356,-46.6715503
"Rua Álvares Florence, Butantã, São Paulo, SP, Brasil",-23.5667612,-46.705751
"Avenida Arruda Botelho, Alto de Pinheiros, São Paulo, SP, Brasil",-23.5507944,-46.7177766
"Rua Bela Cintra, Cidade Júlia, São Paulo, SP, Brasil",,
"Rua Raimundo Simão de Souza, Vila Suzana, São Paulo, SP, Brasil",,
"Rua Visconde de Porto Seguro, Jardim dos Estados, São Paulo, SP, Brasil",-23.6418379,-46.6842418
"Avenida Ireré, Planalto Paulista, São Paulo, SP, Brasil",-23.611631,-46.6524026
"Rua André Fernandes, Jardim Europa, São Paulo, SP, Brasil",,
"Avenida Engenheiro Luiz Carlos Berrini, Cidade Monções, São Paulo, SP, Brasil",,
"Rua Antônio Morais Barros, Vila Zilda (Tatuapé), São Paulo, SP, Brasil",,
"Rua Almansa, Vila Andrade, São Paulo, SP, Brasil",-23.6339835,-46.7307213
"Rua Manuel da Nóbrega, Paraíso, São Paulo, SP, Brasil",-23.5698295,-46.6497874
"Rua Melo Peixoto, Tatuapé, São Paulo, SP, Brasil",-23.5362144,-46.558009
"Rua Vaz Muniz, Jardim Franca, São Paulo, SP, Brasil",-23.4795268,-46.6134971
"Rua Ideolândia, Vila Mariana, São Paulo, SP, Brasil",,
"Avenida Professor Alceu Maynard Araújo, Vila Cruzeiro, São Paulo, SP, Brasil",,
"Rua Capitão Prudente, Pinheiros, São Paulo, SP, Brasil",-23.5680377,-46.6867405
"Rua Professor Vital Palma e Silva, Jardim Europa, São Paulo, SP, Brasil",-23.5830426,-46.690744
"Rua Professora Sebastiana Silva Minhoto, Tatuapé, São Paulo, SP, Brasil",,
"Rua Antônio Fidélis, Lapa de Baixo, São Paulo, SP, Brasil",,
"Rua Retiro, Maranhão, São Paulo, SP, Brasil",,
"Rua Amália de Noronha, Pinheiros, São Paulo, SP, Brasil",-23.5517664,-46.6803652
"Rua da Lei, Vila Rui Barbosa, São Paulo, SP, Brasil",,
"Rua José Varela, Interlagos, São Paulo, SP, Brasil",-23.7022111,-46.7132508
"Avenida Águas de São Pedro, Vila Paulicéia, São Paulo, SP, Brasil",-23.4872031,-46.6142171
"Rua Adelino de Almeida Castilho, Maranhão, São Paulo, SP, Brasil",,
"Rua Cancioneiro de Évora, Santo Amaro, São Paulo, SP, Brasil",-23.630058,-46.6931242
"Rua José Gambarini, Jardim Cordeiro, São Paulo, SP, Brasil",,
"Rua Pereira Leite, Sumarezinho, São Paulo, SP, Brasil",,
"Rua Padre Madureira, Jardim Guedala, São Paulo, SP, Brasil",,
"Rua Madre Emilie de Villeneuve, Vila Santa Catarina, São Paulo, SP, Brasil",,
"Rua Curitiba, Paraíso, São Paulo, SP, Brasil",-22.3696957,-46.9358513
"Rua Professor Hilário Veiga de Carvalho, Vila Suzana, São Paulo, SP, Brasil",,
"Rua Doutor Jesuíno Maciel, Campo Belo, São Paulo, SP, Brasil",-23.6268115,-46.6637297
"Avenida dos Imarés, Indianópolis, São Paulo, SP, Brasil",-23.6135285,-46.6647272
"Rua Professor Alexandre Correia, Jardim Vitória Régia, São Paulo, SP, Brasil",,
"Avenida Jurema, Indianópolis, São Paulo, SP, Brasil",-23.609023,-46.6582203
"Rua Belterra, Santo Amaro, São Paulo, SP, Brasil",-23.6549566,-46.6921668
"Rua Benedito Galvão, Vila Fernandes, São Paulo, SP, Brasil",-23.5600588,-46.5380166
"Rua Veneza, Jardim Paulista, São Paulo, SP, Brasil",-23.5758661,-46.6624299
"Rua Raul Saddi, Butantã, São Paulo, SP, Brasil",-23.5688682,-46.7133051
"Rua Doutor Luiz Migliano, Jardim Caboré, São Paulo, SP, Brasil",,
"Avenida Moaci, Planalto Paulista, São Paulo, SP, Brasil",-23.6184219,-46.6551434
"Rua Marcondésia, Chácara Monte Alegre, São Paulo, SP, Brasil",-23.6446125,-46.6779639
"Rua Clemente Pereira, Ipiranga, São Paulo, SP, Brasil",-23.5984112,-46.6052415
"Rua Jaguari, Bosque da Saúde, São Paulo, SP, Brasil",-23.6101322,-46.6234617
"Rua Capitão Cavalcanti, Vila Mariana, São Paulo, SP, Brasil",-23.5890852,-46.637238
"Rua da Mooca, Mooca, São Paulo, SP, Brasil",-23.5570336,-46.5935769
"Rua Carlos Comenale, Bela Vista, São Paulo, SP, Brasil",-23.5615132,-46.6549022
"Rua Itapaiuna, Jardim Morumbi, São Paulo, SP, Brasil",,
"Rua Lincoln Albuquerque, Perdizes, São Paulo, SP, Brasil",-23.5323871,-46.667634
"Rua Itajara, Vila Andrade, São Paulo, SP, Brasil",-23.6325985,-46.732348
"Rua Princesa Isabel, Brooklin Paulista, São Paulo, SP, Brasil",,
"Rua Girassol, Vila Madalena, São Paulo, SP, Brasil",-23.5535279,-46.6905664
"Rua Itabira, Vila Santos, São Paulo, SP, Brasil",,
"Rua Doutor Albuquerque Lins, Santa Cecília, São Paulo, SP, Brasil",-23.5325497,-46.6541329
"Rua Pitu, Cidade Monções, São Paulo, SP, Brasil",,
"Rua Horácio Lane, Pinheiros, São Paulo, SP, Brasil",-23.5593773,-46.6867263
"Rua Doutor Hélio Fidélis, Cidade São Francisco, São Paulo, SP, Brasil",,
"Rua Santana de Mangueira, Vila Ivg, São Paulo, SP, Brasil",,
"Rua Nhu-Guaçu, Nova Piraju, São Paulo, SP, Brasil",,
"Rua Doutor Castilho Cabral, Vila Progredior, São Paulo, SP, Brasil",,
"Rua Capitão Macedo, Vila Clementino, São Paulo, SP, Brasil",-23.5930414,-46.643501
"Rua Bahia, Higienópolis, São Paulo, SP, Brasil",-23.5437762,-46.659547
"Rua Cacilda Becker, Jardim das Acácias, São Paulo, SP, Brasil",,
"Praça Barão de Itaqui, Vila Gomes Cardim, São Paulo, SP, Brasil",-23.5403668,-46.5680569
"Rua Barão do Serro Largo, Vila Regente Feijó, São Paulo, SP, Brasil",,
"Rua Dona Salwa Saigh Calfat, Vila Tramontano, São Paulo, SP, Brasil",,
"Rua Marechal Deodoro, Santo Amaro, São Paulo, SP, Brasil",-23.6397612,-46.6979638
"Rua Benedito Lapin, Itaim Bibi, São Paulo, SP, Brasil",-23.5874583,-46.6736216
"Rua Henrique Monteiro, Pinheiros, São Paulo, SP, Brasil",-23.5695159,-46.689962
"Rua Francisca Miquelina, Bela Vista, São Paulo, SP, Brasil",,
"Avenida Rebouças, Pinheiros, São Paulo, SP, Brasil",-23.5636642,-46.6769083
"Avenida Alexandre Mackenzie, Jaguaré, São Paulo, SP, Brasil",-23.5381451,-46.7480367
"Rua Luís Carlos Paraná, Jardim Cidália, São Paulo, SP, Brasil",,
"Rua Mussumés, Vila Maria Alta, São Paulo, SP, Brasil",,
"Rua Cláudio Rossi, Jardim da Glória, São Paulo, SP, Brasil",-23.5820915,-46.6240616
"Avenida Nove de Julho, Bela Vista, São Paulo, SP, Brasil",-23.5552253,-46.6489855
"Rua Doutor Sabóia de Medeiros, Vila Mariana, São Paulo, SP, Brasil",-23.5967873,-46.6280962
"Avenida Major Sylvio de Magalhães Padilha, Jardim Morumbi, São Paulo, SP, Brasil",,
"Rua Rego Freitas, República, São Paulo, SP, Brasil",-23.5461902,-46.6466524
"Rua Doutor Tomás Alves, Vila Mariana, São Paulo, SP, Brasil",,
"Rua Diogo Moreira, Pinheiros, São Paulo, SP, Brasil",-23.5698604,-46.6926857
"Rua Bucareste, Jardim Europa, São Paulo, SP, Brasil",-23.5719494,-46.6762674
"Rua Coronel Pedro Dias de Campos, Chácara Seis de Outubro, São Paulo, SP, Brasil",,
"Rua Oliveira Gouveia, Parque da Vila Prudente, São Paulo, SP, Brasil",,
"Rua Jacurici, Itaim Bibi, São Paulo, SP, Brasil",-23.5850434,-46.6868646
"Avenida Professor Ciro de Barros Resende, Planalto Paulista, São Paulo, SP, Brasil",-23.6156798,-46.6533828
"Rua Avanhandava, Bela Vista, São Paulo, SP, Brasil",-23.5513691,-46.6471232
"Rua das Orquídeas, Mirandópolis, São Paulo, SP, Brasil",-23.6070445,-46.6426626
"Avenida Sumaré, Perdizes, São Paulo, SP, Brasil",-23.5421575,-46.6762755
"Rua Dona Brígida, Vila Mariana, São Paulo, SP, Brasil",-23.5849379,-46.6300188
"Rua Brasília, Itaim Bibi, São Paulo, SP, Brasil",-23.5830526,-46.6722974
"Rua José Feliciano, Vila Mascote, São Paulo, SP, Brasil",-23.6447001,-46.6679372
"Rua Madre Cabrini, Vila Mariana, São Paulo, SP, Brasil",-23.5925699,-46.6383464
"Rua Butantã, Pinheiros, São Paulo, SP, Brasil",-23.5697726,-46.6974759
"Rua João Moura, Pinheiros, São Paulo, SP, Brasil",-23.5476379,-46.6896582
"Rua Tenente Otávio Gomes, Aclimação, São Paulo, SP, Brasil",-23.5633288,-46.630899
"Rua Coronel Albino Bairão, Belenzinho, São Paulo, SP, Brasil",,
"Rua dos Goivos, Cidade Jardim, São Paulo, SP, Brasil",-23.5948117,-46.7008686
"Rua Martiniano de Carvalho, Bela Vista, São Paulo, SP, Brasil",-23.5653931,-46.6427092
"Rua Said Aiach, Paraíso, São Paulo, SP, Brasil",-23.578074,-46.6468573
"Rua Bernardino de Campos, Campo Belo, São Paulo, SP, Brasil",-23.6235635,-46.6819481
"Rua Francisco Isoldi, Sumarezinho, São Paulo, SP, Brasil",,
"Rua Banibás, Alto de Pinheiros, São Paulo, SP, Brasil",-23.5554152,-46.7088843
"Rua Itaguaba, Santa Cecília, São Paulo, SP, Brasil",,
"Rua Doutor Oscar Monteiro de Barros, Vila Suzana, São Paulo, SP, Brasil",,
"Rua Volta Redonda, Campo Belo, São Paulo, SP, Brasil",-23.6260592,-46.6738455
"Rua Hans Nobiling, Jardim Europa, São Paulo, SP, Brasil",-23.5813907,-46.6918595
"Rua Bento Branco de Andrade Filho, Jardim Dom Bosco, São Paulo, SP, Brasil",,
"Rua Teixeira da Silva, Paraíso, São Paulo, SP, Brasil",-23.5701512,-46.6470001
"Rua Eleutério, Brooklin Paulista, São Paulo, SP, Brasil",,
"Rua Adalívia de Toledo, Paineiras do Morumbi, São Paulo, SP, Brasil",,
"Avenida Juriti, Vila Uberabinha, São Paulo, SP, Brasil",,
"Rua Tuiucuê, Jardim da Saúde, São Paulo, SP, Brasil",-23.6164684,-46.6228222
"Rua Cônego Vicente Miguel Marino, Barra Funda, São Paulo, SP, Brasil",,
"Rua Professor Luciano Gualberto, Jardim Morumbi, São Paulo, SP, Brasil",,
"Rua Arroio Cambará, Parque dos Príncipes, São Paulo, SP, Brasil",-23.568616,-46.7710012
"Rua Comendador Bichara Moherdauí, Jardim Leonor, São Paulo, SP, Brasil",,
"Viaduto Vereador José Diniz, Santo Amaro, São Paulo, SP, Brasil",-23.628872,-46.6859032
"Avenida Washington Luís, Santo Amaro, São Paulo, SP, Brasil",-23.6526931,-46.6807582
"Rua Professor João de Oliveira Torres, Jardim Anália Franco, São Paulo, SP, Brasil",-23.5569381,-46.5622488
"Rua Doutor Roberto Moreira, Jardim Leonor, São Paulo, SP, Brasil",,
"Rua Geraldo Pacheco Valente, Jardim Campo Grande, São Paulo, SP, Brasil",,
"Rua Ferreira de Araújo, Pinheiros, São Paulo, SP, Brasil",-23.5660023,-46.698169
"Rua Ministro Gastão Mesquita, Perdizes, São Paulo, SP, Brasil",-23.5396888,-46.6784225
"Rua Heinrich Hertz, Cidade Monções, São Paulo, SP, Brasil",,
"Rua Morás, Vila Madalena, São Paulo, SP, Brasil",-23.5594143,-46.6926644
"Rua Nestor de Barros, Vila Santo Estevão, São Paulo, SP, Brasil",,
"Rua Ernesto de Oliveira, Jardim Vila Mariana, São Paulo, SP, Brasil",-23.592312,-46.6259489
"Avenida Jurucê, Indianópolis, São Paulo, SP, Brasil",-23.6075155,-46.6635568
"Rua Padre João Gonçalves, Pinheiros, São Paulo, SP, Brasil",-23.5599807,-46.687967
"Rua Arminda, Vila Olímpia, São Paulo, SP, Brasil",-23.5930524,-46.6735216
"Rua Saldanha da Gama, Alto da Lapa, São Paulo, SP, Brasil",-23.5294394,-46.713878
"Rua Redenção, Chácara Tatuapé, São Paulo, SP, Brasil",,
"Rua Padre João Gualberto, Imirim, São Paulo, SP, Brasil",,
"Rua Campo Comprido, Vila Romero, São Paulo, SP, Brasil",,
"Rua Ipojuca, Cidade Mãe do Céu, São Paulo, SP, Brasil",,
"Avenida Horácio Lafer, Itaim Bibi, São Paulo, SP, Brasil",-23.5869645,-46.6802086
"Rua Doutor Francisco José Longo, Chácara Inglesa, São Paulo, SP, Brasil",,
"Rua Carlos Vicari, Água Branca, São Paulo, SP, Brasil",,
"Avenida Iraí, Indianópolis, São Paulo, SP, Brasil",-23.6090974,-46.6650408
"Rua Sena Madureira, Vila Clementino, São Paulo, SP, Brasil",-23.5932814,-46.6457313
"Estrada de Itapecerica, Vila Prel, São Paulo, SP, Brasil",,
"Rua Taquari, Mooca, São Paulo, SP, Brasil",-23.5547276,-46.5999371
"Rua Doutor Theodoro Migliano, Parque dos Príncipes, São Paulo, SP, Brasil",,
"Rua Maria Daffre, Quinta da Paineira, São Paulo, SP, Brasil",,
"Rua Boa Vereda, Mooca, São Paulo, SP, Brasil",,
"Rua Américo Brasiliense, Chácara Santo Antônio (Zona Sul), São Paulo, SP, Brasil",,
"Rua Artur Thiré, Vila da Saúde, São Paulo, SP, Brasil",-23.6177428,-46.6282222
"Avenida São Valério, Jardim Guedala, São Paulo, SP, Brasil",,
"Rua Azevedo Soares, Vila Gomes Cardim, São Paulo, SP, Brasil",-23.5472404,-46.5579587
"Rua Marquês de Itu, Vila Buarque, São Paulo, SP, Brasil",-23.5438654,-46.6455922
"Rua Guihei Vatanabe, Vila Progredior, São Paulo, SP, Brasil",,
"Rua Diana, Perdizes, São Paulo, SP, Brasil",-23.5337872,-46.681637
"Rua Doutor Paulo Ribeiro Coelho, Jardim Ester Yolanda, São Paulo, SP, Brasil",,
"Rua Valdir Niemeyer, Sumaré, São Paulo, SP, Brasil",-23.5456627,-46.6903905
"Rua Doutor Amando Franco Soares Caiuby, Parque Bairro Morumbi, São Paulo, SP, Brasil",,
"Rua Serra de Bragança, Vila Gomes Cardim, São Paulo, SP, Brasil",-23.5433544,-46.5601
"Avenida Amarilis, Cidade Jardim, São Paulo, SP, Brasil",-23.5900983,-46.7016911
"Rua São José, Santo Amaro, São Paulo, SP, Brasil",-23.6481403,-46.6972778
"Rua Dom Armando Lombardi, Vila Progredior, São Paulo, SP, Brasil",,
"Rua Agnaldo Manuel dos Santos, Jardim Vila Mariana, São Paulo, SP, Brasil",-23.5916754,-46.6243197
"Rua Guandu, Vila Regente Feijó, São Paulo, SP, Brasil",,
"Rua Rodesia, Sumarezinho, São Paulo, SP, Brasil",-23.5503845,-46.6896235
"Rua Dionísio da Costa, Vila Mariana, São Paulo, SP, Brasil",-23.5896868,-46.6260454
"Rua Wilson Vallim, Vila São Paulo, São Paulo, SP, Brasil",-23.6578474,-46.6687418
"Rua Gertrudes, Vila Medeiros, São Paulo, SP, Brasil",-23.4820535,-46.5859048
"Rua Alcacer, Vila Granada, São Paulo, SP, Brasil",-23.5253465,-46.5146501
"Rua Professor Aldo Locatelli, Vila Zat, São Paulo, SP, Brasil",,
"Rua Conde D'Eu, Santo Amaro, São Paulo, SP, Brasil",-23.6501787,-46.6978666
"Avenida Mário Lopes Leão, Santo Amaro, São Paulo, SP, Brasil",-23.6498003,-46.7055082
"Rua Doutor Gabriel dos Santos, Santa Cecília, São Paulo, SP, Brasil",-23.5359083,-46.6594592
"Rua Salvador Cardoso, Itaim Bibi, São Paulo, SP, Brasil",-23.5871101,-46.6856149
"Avenida Engenheiro Alberto de Zagottis, Jardim Taquaral, São Paulo, SP, Brasil",,
"Rua Luís Molina, Jardim Vila Mariana, São Paulo, SP, Brasil",-23.590657,-46.6236722
"Rua Doutor Eduardo Amaro, Paraíso, São Paulo, SP, Brasil",-23.5753023,-46.6377065
"Rua Açaraí, Jardim Guedala, São Paulo, SP, Brasil",,
"Rua Oscar Caravelas, Sumarezinho, São Paulo, SP, Brasil",,
"Rua Cândido Lacerda, Vila Regente Feijó, São Paulo, SP, Brasil",,
"Rua Professor Tamandaré Toledo, Itaim Bibi, São Paulo, SP, Brasil",-23.5835348,-46.6748838
"Rua Júpiter, Aclimação, São Paulo, SP, Brasil",-23.5731228,-46.6354498
"Rua São João Dássio, Vila Dom Pedro II, São Paulo, SP, Brasil",,
"Rua Antônio Pacheco Valente, Santo Amaro, São Paulo, SP, Brasil",-23.6248157,-46.6957802
"Rua Pascoal Vita, Vila Madalena, São Paulo, SP, Brasil",,
"Rua Amaro Bezerra Cavalcanti, Vila Matilde, São Paulo, SP, Brasil",-23.53321,-46.5238029
"Rua Professor Filadelfo Azevedo, Vila Nova Conceição, São Paulo, SP, Brasil",,
"Rua Edson, Campo Belo, São Paulo, SP, Brasil",-23.6232883,-46.6738372
"Rua Ministro Coriolano de Gois, Jardim Marajoara, São Paulo, SP, Brasil",-23.655213,-46.6840676
"Rua Felício Pereira, Jardim Piqueroby, São Paulo, SP, Brasil",,
"Rua Barra Mansa, Jardim Franca, São Paulo, SP, Brasil",-23.4782167,-46.6115243
"Rua Massacá, Alto de Pinheiros, São Paulo, SP, Brasil",-23.5537573,-46.7141679
"Rua Antônio Bicudo, Pinheiros, São Paulo, SP, Brasil",-23.5661491,-46.6884589
"Rua Domingos da Fonseca, Mooca, São Paulo, SP, Brasil",-23.575663,-46.5905313
"Rua Coronel Joviniano Brandão, Vila Prudente, São Paulo, SP, Brasil",,
"Rua Santa Madalena, Bela Vista, São Paulo, SP, Brasil",-23.5633588,-46.6421332
"Rua Doutor Nicolau de Sousa Queirós, Vila Mariana, São Paulo, SP, Brasil",-23.5778846,-46.6390131
"Rua Silva Correia, Vila Nova Conceição, São Paulo, SP, Brasil",,
"Alameda dos Uapês, Planalto Paulista, São Paulo, SP, Brasil",-23.6130995,-46.6486139
"Rua São Benedito, Chácara Gaivotas, São Paulo, SP, Brasil",,
"Rua Geórgia, Brooklin Paulista, São Paulo, SP, Brasil",,
"Rua Resedá, Cidade Jardim, São Paulo, SP, Brasil",-23.5950703,-46.6988455
"Rua Todos os Santos, Jardim Everest, São Paulo, SP, Brasil",,
"Rua Itapacurai, Paraíso do Morumbi, São Paulo, SP, Brasil",,
"Rua Professor Artur Ramos, Jardim Paulistano, São Paulo, SP, Brasil",,
"Rua Euclides Pacheco, Vila Gomes Cardim, São Paulo, SP, Brasil",-23.5474393,-46.5645288
"Rua Professor Moniz, Alto de Pinheiros, São Paulo, SP, Brasil",-23.5557423,-46.7000389
"Rua Sabará, Higienópolis, São Paulo, SP, Brasil",-23.5446844,-46.6537345
"Rua Nanuque, Vila Leopoldina, São Paulo, SP, Brasil",-23.530982,-46.7256945
"Rua Soares de Faria, Jabaquara, São Paulo, SP, Brasil",,
"Rua Marieta Pederneiras Vampre, Jardim Ester Yolanda, São Paulo, SP, Brasil",,
"Rua Doutor José Áureo Bustamante, Santo Amaro, São Paulo, SP, Brasil",-23.6268944,-46.6961616
"Rua Melo Palheta, Água Branca, São Paulo, SP, Brasil",,
"Rua Engenheiro Mário Pamponet, Vila Madalena, São Paulo, SP, Brasil",,
"Avenida Prefeito Fábio Prado, Jardim Vila Mariana, São Paulo, SP, Brasil",-23.591253,-46.629281
"Rua Professora Carolina Ribeiro, Jardim Vila Mariana, São Paulo, SP, Brasil",-23.5919707,-46.6291807
"Rua Jean Sibelius, Jardim Paulistano, São Paulo, SP, Brasil",,
"Rua Olímpia de Almeida Prado, Barra Funda, São Paulo, SP, Brasil",,
"Rua Bragança, Pacaembu, São Paulo, SP, Brasil",-23.1869958,-46.8565739
"Rua Arataca, Chácara Monte Alegre, São Paulo, SP, Brasil",-23.6466366,-46.6786112
"Rua Bem-te-vi, Cantinho do Céu, São Paulo, SP, Brasil",-23.7448224,-46.6581424
"Rua Barão de Jaceguai, Campo Belo, São Paulo, SP, Brasil",-23.6256697,-46.6797248
"Rua Áurea, Vila Mariana, São Paulo, SP, Brasil",-23.5880246,-46.6451611
"Rua Pascoal Del Gaizo, Pinheiros, São Paulo, SP, Brasil",-23.5646676,-46.6833869
"Alameda dos Nhambiquaras, Indianópolis, São Paulo, SP, Brasil",-23.6142938,-46.6661956
"Rua Professor Sousa Barros, Vila Guarani (Z Sul), São Paulo, SP, Brasil",,
"Rua Napoleão de Barros, Vila Clementino, São Paulo, SP, Brasil",-23.5976607,-46.6439932
"Avenida Pompéia, Vila Pompéia, São Paulo, SP, Brasil",-23.5374426,-46.6901993
"Rua Pensilvânia, Cidade Monções, São Paulo, SP, Brasil",,
"Rua Tupi, Santa Cecília, São Paulo, SP, Brasil",-23.5350611,-46.6614614
"Rua Jacunda, Jardim Panorama, São Paulo, SP, Brasil",,
"Avenida Mofarrej, Vila Leopoldina, São Paulo, SP, Brasil",-23.5287909,-46.7422313
"Rua Nicolau Gagliardi, Pinheiros, São Paulo, SP, Brasil",-23.5611577,-46.7002684
"Rua Backer, Cambuci, São Paulo, SP, Brasil",-23.566871,-46.6203016
"Rua Vargem Grande, Tatuapé, São Paulo, SP, Brasil",-23.5399477,-46.5614701
"Rua Grajaú, Sumaré, São Paulo, SP, Brasil",-23.5459632,-46.6782038
"Praça da República, República, São Paulo, SP, Brasil",-23.5431712,-46.6425205
"Rua General Sousa Neto, Vila Aricanduva, São Paulo, SP, Brasil",,
"Rua Romilda Margarita Gabriel, Itaim Bibi, São Paulo, SP, Brasil",,
"Rua Doutor James Ferraz Alvim, Vila Suzana, São Paulo, SP, Brasil",,
"Avenida Angélica, Higienópolis, São Paulo, SP, Brasil",-23.5441031,-46.6568986
"Rua Joseph Nigri, Água Branca, São Paulo, SP, Brasil",,
"Rua Alves Pontual, Granja Julieta, São Paulo, SP, Brasil",,
"Rua Job Lane, Jardim Petrópolis, São Paulo, SP, Brasil",-23.6355578,-46.6856245
"Rua Natingui, Vila Madalena, São Paulo, SP, Brasil",-23.559392,-46.6990863
"Rua das Barcas, Jardim dos Estados, São Paulo, SP, Brasil",-23.6386265,-46.685638
"Rua Cidade de Rio Pardo, Vila Andrade, São Paulo, SP, Brasil",-23.6288692,-46.7403069
"Rua Serra de Juréa, Cidade Mãe do Céu, São Paulo, SP, Brasil",,
"Rua Américo Alves Pereira Filho, Vila Morumbi, São Paulo, SP, Brasil",,
"Rua Eça de Queiróz, Vila Mariana, São Paulo, SP, Brasil",-23.5795504,-46.6450462
"Rua Doutor Antônio Bento, Santo Amaro, São Paulo, SP, Brasil",-23.6453481,-46.7021799
"Rua Doutor Procópio Ribeiro dos Santos, Jardim Marajoara, São Paulo, SP, Brasil",-23.6550745,-46.6852145
"Rua Marechal Bina Machado, Jardim Marajoara, São Paulo, SP, Brasil",-23.6551599,-46.6865926
"Rua João Lourenço, Vila Nova Conceição, São Paulo, SP, Brasil",,
"Rua Copacabana, Santa Teresinha, São Paulo, SP, Brasil",-23.4936212,-46.6382477
"Rua Marcus Pereira, Vila Suzana, São Paulo, SP, Brasil",,
"Rua da Mata, Itaim Bibi, São Paulo, SP, Brasil",-23.5800907,-46.6759849
"Rua Coronel Joaquim de Freitas, Sítio do Morro, São Paulo, SP, Brasil",,
"Avenida das Nações Unidas, Chácara Itaim, São Paulo, SP, Brasil",-23.6204519,-46.7006298
"Rua Artur de Azevedo, Cerqueira César, São Paulo, SP, Brasil",-23.557695,-46.6734865
"Rua Ulisses Cruz, Tatuapé, São Paulo, SP, Brasil",-23.5288149,-46.5777339
"Avenida Nossa Senhora do Sabará, Vila Sofia, São Paulo, SP, Brasil",,
"Avenida Brigadeiro Faria Lima, Itaim Bibi, São Paulo, SP, Brasil",-23.5847253,-46.6830017
"Rua Juventus, Parque da Mooca, São Paulo, SP, Brasil",-23.5703422,-46.5912575
"Avenida Vital Brasil, Butantã, São Paulo, SP, Brasil",-23.569557,-46.7140422
"Avenida Cecília Lottemberg, Chácara Santo Antônio (Zona Sul), São Paulo, SP, Brasil",,
"Rua Dina, Vila Nova Conceição, São Paulo, SP, Brasil",,
"Rua Cesário Alvim, Belenzinho, São Paulo, SP, Brasil",,
"Viela Itu, Vila Caraguatá, São Paulo, SP, Brasil",,
"Rua Saint Hilaire, Jardim Paulista, São Paulo, SP, Brasil",-23.5707975,-46.654252
"Rua do Carreiro de Pedra, Jardim Caravelas, São Paulo, SP, Brasil",,
"Rua Desembargador Aragão, Vila Mariana, São Paulo, SP, Brasil",-23.5931106,-46.6310858
"Rua Honduras, Jardim Paulista, São Paulo, SP, Brasil",-23.5752303,-46.6618345
"Avenida José Galante, Vila Suzana, São Paulo, SP, Brasil",,
"Rua William Furneau, Pirituba, São Paulo, SP, Brasil",,
"Rua Lacedemônia, Jardim Brasil (Zona Sul), São Paulo, SP, Brasil",,
"Avenida Agami, Moema, São Paulo, SP, Brasil",-23.6004423,-46.6602647
"Rua Urimonduba, Itaim Bibi, São Paulo, SP, Brasil",-23.5782275,-46.6726907
"Rua Praia do Castelo, Vila Mascote, São Paulo, SP, Brasil",-23.6468649,-46.6687691
"Rua Sergipe, Consolação, São Paulo, SP, Brasil",-23.5500142,-46.6547483
"Rua Filipe Camarão, Tatuapé, São Paulo, SP, Brasil",-23.5387233,-46.5794326
"Rua José Antônio Morais, Jardim Petrópolis, São Paulo, SP, Brasil",-23.6317667,-46.6874814
"Rua Sapucaia, Alto da Mooca, São Paulo, SP, Brasil",,
"Rua Deputado Laércio Corte, Paraíso do Morumbi, São Paulo, SP, Brasil",,
"Rua Gaspar Moreira, Butantã, São Paulo, SP, Brasil",-23.5623002,-46.7075732
"Rua Doutor João Neves Neto, Jardim Guedala, São Paulo, SP, Brasil",,
"Rua Antônio de Lucena, Chácara Califórnia, São Paulo, SP, Brasil",,
"Avenida Miguel Estefno, Saúde, São Paulo, SP, Brasil",-23.6214539,-46.6317704
"Rua Professor Campos de Oliveira, Jardim Taquaral, São Paulo, SP, Brasil",,
"Praça Ituzaingo, Vila Regente Feijó, São Paulo, SP, Brasil",,
"Rua Joel Jorge de Melo, Vila Mariana, São Paulo, SP, Brasil",-23.5989252,-46.633575
"Rua Voltaire, Jardim Vila Mariana, São Paulo, SP, Brasil",-23.5945618,-46.626311
"Avenida das Acácias, Cidade Jardim, São Paulo, SP, Brasil",-23.5877147,-46.6966876
"Rua Antônio de Macedo Soares, Campo Belo, São Paulo, SP, Brasil",-23.6165886,-46.6698531
"Rua Ministro Nelson Hungria, Vila Tramontano, São Paulo, SP, Brasil",,
"Avenida IV Centenário, Jardim Luzitânia, São Paulo, SP, Brasil",,
"Rua Correia de Oliveira, Vila Nova Conceição, São Paulo, SP, Brasil",,
"Avenida Adolfo Pinheiro, Santo Amaro, São Paulo, SP, Brasil",-23.6495952,-46.7038136
"Rua das Mangabeiras, Santa Cecília, São Paulo, SP, Brasil",,
"Avenida Piassanguaba, Planalto Paulista, São Paulo, SP, Brasil",-23.624099,-46.6434401
"Avenida das Nações Unidas, Vila Gertrudes, São Paulo, SP, Brasil",,
"Rua Isabel de Castela, Vila Madalena, São Paulo, SP, Brasil",,
"Rua Luís Ferreira de Barros, Vila Universitária, São Paulo, SP, Brasil",,
"Rua Ziembinski, Alto da Lapa, São Paulo, SP, Brasil",,
"Avenida Engenheiro Heitor Antônio Eiras Garcia, Jardim Esmeralda, São Paulo, SP, Brasil",-23.582771,-46.7497805
"Rua José de Oliveira Coelho, Vila Andrade, São Paulo, SP, Brasil",-23.6278774,-46.7389337
"Rua Nove de Julho, Santo Amaro, São Paulo, SP, Brasil",-23.6454231,-46.6985127
"Alameda dos Jaúnas, Moema, São Paulo, SP, Brasil",-23.5985194,-46.6620209
"Rua Caiubi, Perdizes, São Paulo, SP, Brasil",-23.5420649,-46.6693471
"Avenida Doutor Altino Arantes, Vila Clementino, São Paulo, SP, Brasil",,
"Rua Paraguaçu, Perdizes, São Paulo, SP, Brasil",-23.5343737,-46.6666741
"Rua Valério de Carvalho, Pinheiros, São Paulo, SP, Brasil",-23.5686324,-46.6939212
"Rua Colatino Marques, Jardim Paulista, São Paulo, SP, Brasil",,
"Rua Desembargador Andrade Pinto, Parque Maria Luiza, São Paulo, SP, Brasil",,
"Rua Domingos Leme, Vila Nova Conceição, São Paulo, SP, Brasil",,
"Alameda Sarutaiá, Jardim Paulista, São Paulo, SP, Brasil",-23.5696534,-46.6539839
"Rua Regina Badra, Jardim dos Estados, São Paulo, SP, Brasil",-23.6415556,-46.6882291
"Praça Germânia, Jardim Europa, São Paulo, SP, Brasil",-23.5799836,-46.6926677
"Rua Joel Carlos Borges, Cidade Monções, São Paulo, SP, Brasil",,
"Rua do Livramento, Vila Mariana, São Paulo, SP, Brasil",-23.5787892,-46.651151
"Rua Forte William, Jardim Fonte do Morumbi, São Paulo, SP, Brasil",,
"Rua Aperca, Boaçava, São Paulo, SP, Brasil",,
"Rua Agissê, Jardim das Bandeiras, São Paulo, SP, Brasil",,
"Rua Vigário Albernaz, Vila Gumercindo, São Paulo, SP, Brasil",-23.6061372,-46.6224411
"Avenida Giovanni Gronchi, Vila Andrade, São Paulo, SP, Brasil",-23.6385881,-46.7367546
"Rua Professor Pedreira de Freitas, Tatuapé, São Paulo, SP, Brasil",-23.5505566,-46.5584626
"Rua Atibaia, Pacaembu, São Paulo, SP, Brasil",-23.1836377,-46.8572268
"Rua Oscar Gomes Cardim, Vila Cordeiro, São Paulo, SP, Brasil",,
"Rua Camburiú, Vila Ipojuca, São Paulo, SP, Brasil",-23.537372,-46.7090879
"Rua Laplace, Brooklin Paulista, São Paulo, SP, Brasil",,
"Rua Nelson Gama de Oliveira, Vila Andrade, São Paulo, SP, Brasil",-23.6288692,-46.7403069
"Avenida Engenheiro Thomaz Magalhães, Sítio da Figueira, São Paulo, SP, Brasil",,
"Rua Barão de Iguape, Liberdade, São Paulo, SP, Brasil",-23.5580374,-46.6295922
"Rua Alexandre Benois, Vila Andrade, São Paulo, SP, Brasil",-23.6360019,-46.7378043
"Rua Getúlio Soares da Rocha, Jardim das Acácias, São Paulo, SP, Brasil",,
"Rua Pedroso, Bela Vista, São Paulo, SP, Brasil",-23.562626,-46.6406565
"Rua Antônio Fóster, Vila Socorro, São Paulo, SP, Brasil",,
"Rua Inácio Manuel Álvares, Jardim Ester, São Paulo, SP, Brasil",-23.5815272,-46.7676072
"Rua Desembargador Ulisses Dória, Jardim Sílvia (Zona Oeste), São Paulo, SP, Brasil",,
"Rua Lourenço de Almeida, Vila Nova Conceição, São Paulo, SP, Brasil",,
"Rua Itapaiuna, Parque do Morumbi, São Paulo, SP, Brasil",,
"Rua Luís Murat, Jardim das Bandeiras, São Paulo, SP, Brasil",,
"Rua José Augusto Penteado, Sumaré, São Paulo, SP, Brasil",-23.546106,-46.6898796
"Rua Cayowaá, Perdizes, São Paulo, SP, Brasil",-23.5313095,-46.6784746
"Rua Barretos, Alto da Mooca, São Paulo, SP, Brasil",,
"Avenida Marginal do Rio Pinheiros, Cidade Jardim, São Paulo, SP, Brasil",-23.5748531,-46.6991747
"Rua General Lecor, Ipiranga, São Paulo, SP, Brasil",-23.5910424,-46.5965748
"Rua Catarina Braida, Mooca, São Paulo, SP, Brasil",-23.5529481,-46.5949286
"Rua Doutor Rafael de Barros, Paraíso, São Paulo, SP, Brasil",-23.5730372,-46.6474607
"Rua Madalena, Vila Madalena, São Paulo, SP, Brasil",-23.5535358,-46.6873609
"Rua Reverendo Miguel Rizzo Júnior, Jardim Morumbi, São Paulo, SP, Brasil",,
"Rua Francisco da Cunha Menezes, Jardim Santa Lucrécia, São Paulo, SP, Brasil",,
"Rua Domingos Fernandes, Vila Nova Conceição, São Paulo, SP, Brasil",,
"Avenida Morumbi, Morumbi, São Paulo, SP, Brasil",-23.5758391,-46.7064956
"Rua Miragaia, Butantã, São Paulo, SP, Brasil",-23.5739184,-46.7073287
"Travessa Waldemar Mainardi, Vila Olímpia, São Paulo, SP, Brasil",-23.598686,-46.6799796
"Rua Coronel Mursa, Brás, São Paulo, SP, Brasil",-23.5488011,-46.6166353
"Avenida Higienópolis, Higienópolis, São Paulo, SP, Brasil",-23.5448678,-46.653408
"Rua Groenlândia, Jardim América, São Paulo, SP, Brasil",,
"Avenida Chibarás, Moema, São Paulo, SP, Brasil",-23.6020867,-46.659944
"Rua Itapura, Vila Gomes Cardim, São Paulo, SP, Brasil",-23.5402584,-46.5675308
"Rua Jandiatuba, Vila Andrade, São Paulo, SP, Brasil",-23.630801,-46.7346806
"Praça Dom Justino José Sant'Ana, Tatuapé, São Paulo, SP, Brasil",,
"Praça Américo Jacomino, Sumarezinho, São Paulo, SP, Brasil",,
"Rua Castelhano, Vila Andrade, São Paulo, SP, Brasil",-23.6314476,-46.7386182
"Rua Araújo, República, São Paulo, SP, Brasil",-23.5466751,-46.6450831
"Rua Camargo Cabral, Itaim Bibi, São Paulo, SP, Brasil",-23.5841919,-46.6866709
"Rua Fidalga, Pinheiros, São Paulo, SP, Brasil",-23.5582596,-46.6885754
"Rua Julieta Espírito Santo Pinheiro, Jardim Olympia, São Paulo, SP, Brasil",,
"Rua Tupanaci, Vila Gumercindo, São Paulo, SP, Brasil",-23.6056926,-46.6190784
"Rua Fernandes de Abreu, Chácara Itaim, São Paulo, SP, Brasil",,
"Rua Carlos Millan, Jardim Europa, São Paulo, SP, Brasil",-23.5780812,-46.690663
"Rua Ibituruna, Parque Imperial, São Paulo, SP, Brasil",-23.6231581,-46.6325251
"Rua Nicolau Barreto, Vila Cordeiro, São Paulo, SP, Brasil",,
"Alameda Gabriel Monteiro da Silva, Jardim América, São Paulo, SP, Brasil",-23.5644672,-46.6758845
"Rua Baronesa de Itu, Santa Cecília, São Paulo, SP, Brasil",-23.5397032,-46.6559762
"Rua Doutor Mário Ferraz, Jardim Paulistano, São Paulo, SP, Brasil",,
"Rua Manuel Ribeiro da Cruz, Chácara Santo Antônio (Zona Sul), São Paulo, SP, Brasil",,
"Avenida Sargento Geraldo Sant'Ana, Jardim Taquaral, São Paulo, SP, Brasil",,
"Rua Doutor Seráfico de Assis Carvalho, Jardim Leonor, São Paulo, SP, Brasil",,
"Rua Graúna, Vila Uberabinha, São Paulo, SP, Brasil",,
"Rua Manoel Carneiro Silva, Bosque da Saúde, São Paulo, SP, Brasil",-23.6142036,-46.626276
"Avenida Raimundo Pereira de Magalhães, Vila Anastácio, São Paulo, SP, Brasil",-23.5104501,-46.7140085
"Rua Santa Mafalda, Chácara Seis de Outubro, São Paulo, SP, Brasil",,
"Rua Joaquim Antunes, Pinheiros, São Paulo, SP, Brasil",-23.56674,-46.6794852
"Rua Paiaguás, Vila Congonhas, São Paulo, SP, Brasil",,
"Rua Catipara, Brooklin Paulista, São Paulo, SP, Brasil",,
"Praça Doutor João Guilherme Flocke, Vila Madalena, São Paulo, SP, Brasil",,
"Rua Lopes Neto, Itaim Bibi, São Paulo, SP, Brasil",-23.5865806,-46.6836673
"Rua Pedro Pomponazzi, Jardim Vila Mariana, São Paulo, SP, Brasil",-23.5899666,-46.6285601
"Avenida Angélica, Consolação, São Paulo, SP, Brasil",-23.549635,-46.6596534
"Rua Ibitirama, Vila Prudente, São Paulo, SP, Brasil",-23.5868367,-46.5846413
"Rua José Vicente de Azevedo, Vila Mariana, São Paulo, SP, Brasil",,
"Avenida do Cursino, Saúde, São Paulo, SP, Brasil",-23.6123545,-46.6177568
"Rua Bento de Andrade, Jardim Paulista, São Paulo, SP, Brasil",,
"Rua Barão de Cotegipe, Granja Julieta, São Paulo, SP, Brasil",,
"Rua Engenheiro Jean Buff, Jardim Paraíso, São Paulo, SP, Brasil",,
"Rua Cardoso de Almeida, Perdizes, São Paulo, SP, Brasil",-23.5361169,-46.6669473
"Rua Voluntários da Pátria, Santana, São Paulo, SP, Brasil",-23.5131179,-46.6263296
"Rua Artur Prado, Bela Vista, São Paulo, SP, Brasil",-23.564859,-46.6437258
"Rua Francisco José Rodrigues Neto, Jardim Vitória Régia, São Paulo, SP, Brasil",,
"Avenida Doutora Ruth Cardoso, Pinheiros, São Paulo, SP, Brasil",-23.5727472,-46.6993595
"Rua Pedro Doll, Santana, São Paulo, SP, Brasil",-23.4911351,-46.6307229
"Rua Emboabas, Brooklin Paulista, São Paulo, SP, Brasil",,
"Rua Pelotas, Vila Mariana, São Paulo, SP, Brasil",-23.5819843,-46.6453185
"Rua Frederic Chopin, Jardim Paulistano, São Paulo, SP, Brasil",,
"Rua das Begônias, Cidade Jardim, São Paulo, SP, Brasil",-23.595619,-46.6989791
"Avenida Doutora Ruth Cardoso, Jardim Universidade Pinheiros, São Paulo, SP, Brasil",,
"Rua Tenente Azevedo, Aclimação, São Paulo, SP, Brasil",-23.5656944,-46.6279365
"Avenida Engenheiro Eusébio Stevaux, Jurubatuba, São Paulo, SP, Brasil",,
"Rua Jorge Americano, Alto da Lapa, São Paulo, SP, Brasil",,
"Rua Espéria, Jardim Paulista, São Paulo, SP, Brasil",-23.575403,-46.6682404
"Rua Tobias Barreto, Alto da Mooca, São Paulo, SP, Brasil",,
"Avenida Mascote, Vila Mascote, São Paulo, SP, Brasil",-23.6486173,-46.6656941
"Rua Volter Wolthers, Vila Maria Alta, São Paulo, SP, Brasil",,
"Rua Estevão Baião, Vila Congonhas, São Paulo, SP, Brasil",,
"Rua Deputado Lacerda Franco, Pinheiros, São Paulo, SP, Brasil",-23.5630652,-46.6906417
"Rua Alexandre Levi, Cambuci, São Paulo, SP, Brasil",-23.558256,-46.6203464
"Rua Cipriano Barata, Ipiranga, São Paulo, SP, Brasil",-23.5839683,-46.6056331
"Rua Doutor José Pinto Azeredo, Vila Universitária, São Paulo, SP, Brasil",,
"Rua Aparaju, Parque da Mooca, São Paulo, SP, Brasil",-23.5788788,-46.589241
"Avenida Miguel Yunes, Usina Piratininga, São Paulo, SP, Brasil",-23.6879036,-46.6875011
"Rua Floresto Bandecchi, Jaguaré, São Paulo, SP, Brasil",-23.5452305,-46.753552
"Rua Fortunato Ferraz, Vila Anastácio, São Paulo, SP, Brasil",-23.5180199,-46.7170394
"Rua Doutor Fausto Ferraz, Bela Vista, São Paulo, SP, Brasil",-23.565795,-46.6462777
"Avenida Rubens Montanaro de Borba, Jardim Regis, São Paulo, SP, Brasil",,
"Rua Antônio Carlos, Consolação, São Paulo, SP, Brasil",-23.5551397,-46.6595316
"Rua Santo Arcádio, Jardim das Acácias, São Paulo, SP, Brasil",,
"Rua Massaranduba, Vila Monte Alegre, São Paulo, SP, Brasil",-23.6250423,-46.6388004
"Rua Serra do Japi, Vila Gomes Cardim, São Paulo, SP, Brasil",-23.5487034,-46.5682346
"Rua Indaiá Grande, Fazenda Aricanduva, São Paulo, SP, Brasil",,
"Rua Domingos Paiva, Brás, São Paulo, SP, Brasil",-23.5416638,-46.6193159
"Rua José da Silva Ribeiro, Vila Andrade, São Paulo, SP, Brasil",-23.6230743,-46.73863
"Rua Gaspar Afonso, Alto da Mooca, São Paulo, SP, Brasil",,
"Rua Duarte de Azevedo, Santana, São Paulo, SP, Brasil",-23.5010685,-46.6192885
"Rua Pretória, Vila Formosa, São Paulo, SP, Brasil",-23.5628038,-46.5483012
"Rua Manuel Ribas, Vila Campanela, São Paulo, SP, Brasil",-23.5365051,-46.4619968
"Rua Bartolomeu de Gusmão, Vila Mariana, São Paulo, SP, Brasil",-23.5867357,-46.6315725
"Praça José Vicente Nóbrega, Cambuci, São Paulo, SP, Brasil",-23.5737133,-46.6190331
"Rua Espírito Santo, Aclimação, São Paulo, SP, Brasil",-23.5681775,-46.6303877
"Rua Professor Henrique Neves Lefevre, Jardim Petrópolis, São Paulo, SP, Brasil",,
"Rua dos Manacás, Cidade Jardim, São Paulo, SP, Brasil",-23.58983,-46.696766
"Travessa Cachoeira do Arrependido, Conjunto Promorar Raposo Tavares, São Paulo, SP, Brasil",-23.5873718,-46.8015407
"Rua Traituba, Saúde, São Paulo, SP, Brasil",-23.6125651,-46.6307755
"Avenida Nossa Senhora do Sabará, Vila Isa, São Paulo, SP, Brasil",,
"Rua João Rudge, Casa Verde, São Paulo, SP, Brasil",-23.5149118,-46.6552087
"Rua Antônio Tavares, Cambuci, São Paulo, SP, Brasil",-23.5720453,-46.6211898
"Rua Professora Haidêe Silva Martins, Jardim Campo Grande, São Paulo, SP, Brasil",,
"Rua Maniutuba, Chácara Santo Antônio (Zona Leste), São Paulo, SP, Brasil",,
"Rua Roma, Lapa, São Paulo, SP, Brasil",-23.5226995,-46.702417
"Rua Porto Nacional, Vila Siqueira (Zona Norte), São Paulo, SP, Brasil",,
"Rua Matias Aires, Consolação, São Paulo, SP, Brasil",-23.555184,-46.6579155
"Rua Arruda Alvim, Pinheiros, São Paulo, SP, Brasil",-23.5527743,-46.6757498
"Rua Nicolau Filizola, Jardim Rosa Maria, São Paulo, SP, Brasil",-23.5931551,-46.7704637
"Rua Casa Forte, Água Fria, São Paulo, SP, Brasil",-23.4815071,-46.6171893
"Rua Antônio de Oliveira, Chácara Santo Antônio (Zona Sul), São Paulo, SP, Brasil",,
"Rua Arnaldo Cintra, Vila Moreira, São Paulo, SP, Brasil",,
"Avenida Ordem e Progresso, Jardim das Laranjeiras, São Paulo, SP, Brasil",,
"Rua Padre Chico, Perdizes, São Paulo, SP, Brasil",-23.5296893,-46.6825101
"Rua Guaraiúva, Cidade Monções, São Paulo, SP, Brasil",,
"Rua Iperoig, Perdizes, São Paulo, SP, Brasil",-23.5399415,-46.6792235
"Rua Sebastião Gil, Pinheiros, São Paulo, SP, Brasil",-23.5665043,-46.691459
"Rua Comendador Eduardo Saccab, Brooklin Paulista, São Paulo, SP, Brasil",,
"Avenida Doutor Hugo Beolchi, Vila Guarani (Z Sul), São Paulo, SP, Brasil",,
"Rua José Antônio Coelho, Vila Mariana, São Paulo, SP, Brasil",-23.5798381,-46.6425503
"Rua Queriri, Chácara Califórnia, São Paulo, SP, Brasil",,
"Rua Rocha, Bela Vista, São Paulo, SP, Brasil",-23.5595509,-46.6495897
"Rua Itajibá, Chácara Inglesa, São Paulo, SP, Brasil",-23.6099592,-46.6326877
"Rua Queluz, Jardim Paulista, São Paulo, SP, Brasil",-23.573088,-46.6590153
"Praça Santa Therezinha, Vila Azevedo, São Paulo, SP, Brasil",-23.5411722,-46.5712493
"Rua José Ramon Urtiza, Vila Andrade, São Paulo, SP, Brasil",-23.6339922,-46.7284251
"Rua Armindo Guaraná, Vila Regente Feijó, São Paulo, SP, Brasil",,
"Rua Castilho, Brooklin Paulista, São Paulo, SP, Brasil",,
"Rua Fernandes Moreira, Chácara Santo Antônio (Zona Sul), São Paulo, SP, Brasil",,
"Rua Rondinha, Chácara Inglesa, São Paulo, SP, Brasil",-23.6077818,-46.6335431
"Rua Manharaçu, Vila Natália, São Paulo, SP, Brasil",-23.6240954,-46.5977923
"Rua Doutor Seng, Bela Vista, São Paulo, SP, Brasil",-23.5614229,-46.65035
"Rua Guaraja, Vila Mazzei, São Paulo, SP, Brasil",-23.4735908,-46.6010994
"Rua Professor Vahia de Abreu, Vila Olímpia, São Paulo, SP, Brasil",-23.6029941,-46.6773653
"Rua Henrique Schaumann, Pinheiros, São Paulo, SP, Brasil",-23.5561162,-46.6832691
"Rua Mário Amaral, Paraíso, São Paulo, SP, Brasil",-23.5743665,-46.6477657
"Rua Carlo Rainaldi, Jardim dos Estados, São Paulo, SP, Brasil",-23.6376148,-46.6860163
"Rua Barão do Bananal, Vila Pompéia, São Paulo, SP, Brasil",-23.533822,-46.6889664
"Rua Mauro, Saúde, São Paulo, SP, Brasil",-23.6180514,-46.6410496
"Rua Doutor Alberto Lyra, Jardim Panorama, São Paulo, SP, Brasil",,
"Rua Apinajés, Sumaré, São Paulo, SP, Brasil",-23.5367552,-46.6796841
"Avenida Direitos Humanos, Imirim, São Paulo, SP, Brasil",,
"Rua Macapá, Sumaré, São Paulo, SP, Brasil",-23.5466349,-46.6742194
"Rua Carolina Bauer, Jardim Rossin, São Paulo, SP, Brasil",,
"Avenida Bem-te-vi, Moema, São Paulo, SP, Brasil",-23.6083553,-46.6677019
"Rua João Cachoeira, Itaim Bibi, São Paulo, SP, Brasil",-23.5863372,-46.677285
"Rua José de Cristo Moreira, Vila Morumbi, São Paulo, SP, Brasil",,
"Rua Júlio de Castilhos, Belenzinho, São Paulo, SP, Brasil",,
"Avenida Paulista, Bela Vista, São Paulo, SP, Brasil",-23.5667506,-46.6500019
"Rua Professor Ciridião Buarque, Vila Anglo Brasileira, São Paulo, SP, Brasil",-23.5355484,-46.6915764
"Estrada Carlos Queiroz Telles, Jardim Fonte do Morumbi, São Paulo, SP, Brasil",,
"Rua Aramanaí, Vila Madalena, São Paulo, SP, Brasil",,
"Avenida do Rio Bonito, Socorro, São Paulo, SP, Brasil",-23.6866566,-46.7022669
"Rua Professor José Horácio Meirelles Teixeira, Vila Suzana, São Paulo, SP, Brasil",,
"Rua Luísa Júlia, Itaim Bibi, São Paulo, SP, Brasil",-23.5858701,-46.6739369
"Rua Cunha Gago, Pinheiros, São Paulo, SP, Brasil",-23.562679,-46.6936201
"Rua Marquês de Paranaguá, Consolação, São Paulo, SP, Brasil",-23.5503515,-46.6498514
"Rua do Minho, Jardim Luzitânia, São Paulo, SP, Brasil",,
"Rua Soror Angélica, Vila Ester (Zona Norte), São Paulo, SP, Brasil",,
"Rua Guarapuava, Mooca, São Paulo, SP, Brasil",-23.5477351,-46.6051291
"Rua Barão de Bocaina, Higienópolis, São Paulo, SP, Brasil",-23.543687,-46.6634782
"Rua João Anes, Alto da Lapa, São Paulo, SP, Brasil",,
"Rua Ipiranga, Jardim Aeroporto, São Paulo, SP, Brasil",-20.8122319,-49.3965109
"Rua Otávio Tarquínio de Sousa, Campo Belo, São Paulo, SP, Brasil",-23.6199866,-46.6658151
"Rua Comendador Quirino Teixeira, Jardim Leonor Mendes de Barros, São Paulo, SP, Brasil",,
"Rua Sócrates, Vila Sofia, São Paulo, SP, Brasil",,
"Rua Conselheiro Torres Homem, Jardim Paulista, São Paulo, SP, Brasil",-23.5779295,-46.6656306
"Rua Manuel Bolto, Vila Hamburguesa, São Paulo, SP, Brasil",-23.53399,-46.7248467
"Rua Alcantarilla, Vila Andrade, São Paulo, SP, Brasil",-23.634645,-46.732041
"Rua Doutor Raul da Rocha Medeiros, Tatuapé, São Paulo, SP, Brasil",-23.5345215,-46.5629108
"Rua Francisco Cioffi, Vila Bertioga, São Paulo, SP, Brasil",,
"Rua Barão de Tatuí, Vila Buarque, São Paulo, SP, Brasil",,
"Rua Antônio Camardo, Vila Gomes Cardim, São Paulo, SP, Brasil",-23.5494882,-46.5640464
"Avenida Alberto Ramos, Jardim Independência, São Paulo, SP, Brasil",,
"Rua Hermógenes Almeida Prado, Jardim Guedala, São Paulo, SP, Brasil",,
"Avenida Waldemar Tietz, Conjunto Habitacional Padre José de Anchieta, São Paulo, SP, Brasil",,
"Avenida Professor Francisco Morato, Butantã, São Paulo, SP, Brasil",-23.5859427,-46.722764
"Rua Dom Tito Marchese, Vila Progredior, São Paulo, SP, Brasil",,
"Rua Nicola Rollo, Vila Andrade, São Paulo, SP, Brasil",-23.6277955,-46.7420082
"Rua São Bernardo, Cidade Mãe do Céu, São Paulo, SP, Brasil",,
"Rua Tapuçu, Vila Sofia, São Paulo, SP, Brasil",,
"Rua Bom Sucesso, Cidade Mãe do Céu, São Paulo, SP, Brasil",,
"Rua João Álvares Soares, Campo Belo, São Paulo, SP, Brasil",-23.6208006,-46.6708426
"Rua Ribeirão Claro, Vila Olímpia, São Paulo, SP, Brasil",-23.6010003,-46.679256
"Rua Carlos da Silva Lacaz, Horto Florestal, São Paulo, SP, Brasil",,
"Rua Professor Eduardo Monteiro, Jardim Leonor, São Paulo, SP, Brasil",,
"Avenida São Gualter, Vila Ida, São Paulo, SP, Brasil",-23.5423507,-46.7115655
"Rua Conselheiro Brotero, Santa Cecília, São Paulo, SP, Brasil",-23.5382357,-46.6613808
"Rua Berlioz, Alto de Pinheiros, São Paulo, SP, Brasil",-23.5399556,-46.7125989
"Avenida Álvaro Machado Pedrosa, Parada Inglesa, São Paulo, SP, Brasil",-23.4842727,-46.6061026
"Rua Sul, Brooklin Paulista, São Paulo, SP, Brasil",,
"Praça Nami Jafet, Ipiranga, São Paulo, SP, Brasil",-23.5809654,-46.6051344
"Rua Trajano Reis, Jardim das Vertentes, São Paulo, SP, Brasil",,
"Avenida Duquesa de Goiás, Real Parque, São Paulo, SP, Brasil",,
"Rua Doutor Corinto Baldoino Costa, Vila Zilda (Tatuapé), São Paulo, SP, Brasil",,
"Rua Ceará, Consolação, São Paulo, SP, Brasil",-23.5467704,-46.6614616
"Rua Desembargador do Vale, Perdizes, São Paulo, SP, Brasil",-23.5294378,-46.6888095
"Rua Dona Leopoldina, Ipiranga, São Paulo, SP, Brasil",-23.6010054,-46.6074083
"Rua Doutor Inácio Arruda, Vila Monumento, São Paulo, SP, Brasil",-23.5695748,-46.612462
"Rua Paris, Sumaré, São Paulo, SP, Brasil",-23.5419916,-46.6875027
"Rua Luís Góis, Mirandópolis, São Paulo, SP, Brasil",-23.6041022,-46.6509572
"Rua Itatiaia, Vila Guarani (Z Sul), São Paulo, SP, Brasil",,
"Avenida da Liberdade, Liberdade, São Paulo, SP, Brasil",-23.5606422,-46.6382881
"Rua Teodoro Sampaio, Pinheiros, São Paulo, SP, Brasil",-23.5632948,-46.6870607
"Rua Armando Petrella, Jardim Panorama, São Paulo, SP, Brasil",-23.6037583,-46.6991195
"Rua Paraíso, Jardim Portal I e II, São Paulo, SP, Brasil",-23.1806382,-45.7807379
"Rua Francisco Vasconcelos, Santo Amaro, São Paulo, SP, Brasil",,
"Rua Gregório Serrão, Vila Mariana, São Paulo, SP, Brasil",-23.5830085,-46.63513
"Rua Huitacá, Jardim da Campina, São Paulo, SP, Brasil",,
"Rua Apinajés, Perdizes, São Paulo, SP, Brasil",-23.5367552,-46.6796841
"Rua São Jorge, Parque São Jorge, São Paulo, SP, Brasil",-23.5323637,-46.5647404
"Rua Conselheiro Brotero, Barra Funda, São Paulo, SP, Brasil",,
"Rua Duarte Leite, Granja Julieta, São Paulo, SP, Brasil",-23.6354516,-46.7053941
"Rua Malva Silvestre, Parque Savoy City, São Paulo, SP, Brasil",-23.5633237,-46.4863554
"Rua Doutor Erasmo Teixeira de Assunção, Jardim Leonor, São Paulo, SP, Brasil",,
"Rua Matilde La Giudice, Jardim Aricanduva, São Paulo, SP, Brasil",,
"Rua Alemanha, Jardim Europa, São Paulo, SP, Brasil",-23.5748659,-46.6765924
"Alameda Iraé, Indianópolis, São Paulo, SP, Brasil",-23.6036096,-46.660637
"Rua Davi Hume, Jardim Vila Mariana, São Paulo, SP, Brasil",-23.5947335,-46.6244593
"Rua Celso de Azevedo Marques, Parque da Mooca, São Paulo, SP, Brasil",-23.5683948,-46.5949643
"Rua Aspicuelta, Vila Madalena, São Paulo, SP, Brasil",-23.5563954,-46.6874672
"Rua José Líbero, Planalto Paulista, São Paulo, SP, Brasil",-23.6252289,-46.6418111
"Rua Cláudio Soares, Pinheiros, São Paulo, SP, Brasil",-23.568478,-46.6933877
"Rua Aleixo Garcia, Vila Olímpia, São Paulo, SP, Brasil",-23.5962611,-46.6774555
"Avenida Nova Cantareira, Tucuruvi, São Paulo, SP, Brasil",-23.4752358,-46.6128653
"Rua Dom Manuel, Brooklin Paulista, São Paulo, SP, Brasil",,
"Rua Bispo Eugênio Demazemod, Vila Alpina, São Paulo, SP, Brasil",-23.5970236,-46.561014
"Rua Camilo, Vila Romana, São Paulo, SP, Brasil",-23.5291932,-46.7016212
"Rua Major Diogo, Bela Vista, São Paulo, SP, Brasil",-23.5574682,-46.6427723
"Rua Major Dantas Cortez, Vila Gustavo, São Paulo, SP, Brasil",-23.4828601,-46.5969268
"Rua Agostinho Lattari, Parque da Mooca, São Paulo, SP, Brasil",-23.5788357,-46.5916517
"Rua Caio Prado, Consolação, São Paulo, SP, Brasil",-23.5492278,-46.6485497
"Rua Acangueruçu, Vila Pirajussara, São Paulo, SP, Brasil",,
"Rua Maria Otília, Vila Regente Feijó, São Paulo, SP, Brasil",,
"Rua Francisca Júlia, Santana, São Paulo, SP, Brasil",-23.4922416,-46.6307703
"Rua Henrique Martins, Jardim Paulista, São Paulo, SP, Brasil",-23.5811993,-46.6682073
"Rua Doutor Cândido Espinheira, Perdizes, São Paulo, SP, Brasil",-23.5312743,-46.667521
"Rua Ponte Alta, Vila Deodoro, São Paulo, SP, Brasil",,
"Rua Itapina, Vila Mariana, São Paulo, SP, Brasil",-23.5891429,-46.6455775
"Rua do Estilo Barroco, Chácara Santo Antônio (Zona Sul), São Paulo, SP, Brasil",,
"Rua Simpatia, Jardim das Bandeiras, São Paulo, SP, Brasil",,
"Rua Caativa, Alto da Lapa, São Paulo, SP, Brasil",,
"Avenida Ibiúna, Vila Aricanduva, São Paulo, SP, Brasil",-23.5383677,-46.5399067
"Rua Maceió, Consolação, São Paulo, SP, Brasil",-23.5527696,-46.6606727
"Rua Celso Ramos, Vila Andrade, São Paulo, SP, Brasil",,
"Rua Doutor Sodré, Vila Nova Conceição, São Paulo, SP, Brasil",,
"Alameda dos Guatás, Saúde, São Paulo, SP, Brasil",-23.6135188,-46.6381146
"Rua Havaí, Sumaré, São Paulo, SP, Brasil",-23.539853,-46.6893008
"Rua Aída Gomes Toledo, Imirim, São Paulo, SP, Brasil",,
"Rua Hilário Magro Junior, Butantã, São Paulo, SP, Brasil",-23.5641635,-46.7104328
"Rua Lisboa, Cerqueira César, São Paulo, SP, Brasil",-23.567608,-46.6585072
"Rua Furnas, Brooklin Paulista, São Paulo, SP, Brasil",,
"Rua Maestro Elias Lobo, Jardim Paulista, São Paulo, SP, Brasil",-23.5724831,-46.6634816
"Rua Irmã Carolina, Belenzinho, São Paulo, SP, Brasil",,
"Rua Costa Aguiar, Ipiranga, São Paulo, SP, Brasil",-23.5832826,-46.6067223
"Rua Suruí, Vila Gomes Cardim, São Paulo, SP, Brasil",-23.5454917,-46.5682858
"Rua Tavares Cabral, Pinheiros, São Paulo, SP, Brasil",-23.5703694,-46.692372
"Rua Rubens Porta Nova, Parque Industrial Tomas Edson, São Paulo, SP, Brasil",,
"Rua Elói Cerqueira, Belenzinho, São Paulo, SP, Brasil",,
"Rua Alcacer-Kehir, Vila Santo Estevão, São Paulo, SP, Brasil",,
"Avenida Alberto Augusto Alves, Vila Andrade, São Paulo, SP, Brasil",-23.6406512,-46.7368254
"Rua Alfredo Pujol, Santana, São Paulo, SP, Brasil",-23.4999644,-46.6272596
"Rua das Hortênsias, Mirandópolis, São Paulo, SP, Brasil",,
"Rua Professor Celso Quirino dos Santos, Cidade São Francisco, São Paulo, SP, Brasil",,
"Rua Antônio das Chagas, Chácara Santo Antônio (Zona Sul), São Paulo, SP, Brasil",,
"Rua Bergamota, Alto da Lapa, São Paulo, SP, Brasil",,
"Rua Corrientes, Lapa, São Paulo, SP, Brasil",-23.5220098,-46.7114385
"Rua José Oscar Abreu Sampaio, Jardim Anália Franco, São Paulo, SP, Brasil",-23.5586325,-46.5649641
"Rua Itavera, Jardim Guedala, São Paulo, SP, Brasil",,
"Rua Antônio Bento, Jardim Paulista, São Paulo, SP, Brasil",-23.5784079,-46.6664124
"Rua Fernando de Noronha, Chácara Inglesa, São Paulo, SP, Brasil",-23.6082443,-46.6355119
"Rua Sílvio Tramontano, Vila Tramontano, São Paulo, SP, Brasil",,
"Rua Peixoto Werneck, Parque Artur Alvim, São Paulo, SP, Brasil",-23.5415451,-46.4868969
"Rua Doutor Carlos Norberto de Sousa Aranha, Alto de Pinheiros, São Paulo, SP, Brasil",,
"Rua Paulo Maldi, Tucuruvi, São Paulo, SP, Brasil",-23.4836408,-46.6112777
"Rua Valson Lopes, Vila Butantã, São Paulo, SP, Brasil",,
"Rua Sophia Ambuba, Vila Andrade, São Paulo, SP, Brasil",-23.6346343,-46.7356119
"Rua Doutor Barros Cruz, Vila Mariana, São Paulo, SP, Brasil",-23.5941283,-46.629932
"Rua Herculano de Freitas, Bela Vista, São Paulo, SP, Brasil",-23.5552798,-46.6529238
"Rua Luís Dias, Itaim Bibi, São Paulo, SP, Brasil",-23.5884793,-46.6778533
"Rua Pacobá, Jardim Panorama, São Paulo, SP, Brasil",,
"Rua Vasconcelos de Almeida, Vila Barbosa, São Paulo, SP, Brasil",,
"Avenida Sapopemba, Jardim Planalto, São Paulo, SP, Brasil",-23.6108668,-46.5196123
"Avenida Ceci, Planalto Paulista, São Paulo, SP, Brasil",-23.618873,-46.6506161
"Rua Viradouro, Itaim Bibi, São Paulo, SP, Brasil",-23.5853358,-46.6807375
"Rua Amaral Gurgel, Vila Buarque, São Paulo, SP, Brasil",-23.5427874,-46.6476532
"Rua Professor Francisco de Castro, Vila Mariana, São Paulo, SP, Brasil",-23.5966206,-46.6405305
"Rua Sanharó, Jardim Guedala, São Paulo, SP, Brasil",,
"Rua das Amoreiras, Cidade Jardim, São Paulo, SP, Brasil",-23.5887996,-46.699284
"Rua Marques, Jardim Carlu, São Paulo, SP, Brasil",,
"Rua República do Iraque, Campo Belo, São Paulo, SP, Brasil",-23.6192382,-46.6663402
"Rua Camé, Mooca, São Paulo, SP, Brasil",-23.5657891,-46.5962204
"Alameda Calicut, Chácara Santo Antônio (Zona Sul), São Paulo, SP, Brasil",,
"Rua Matias Roxo, Vila Leopoldina, São Paulo, SP, Brasil",-23.5200007,-46.7261638
"Rua Sônia Ribeiro, Brooklin Paulista, São Paulo, SP, Brasil",,
"Rua Jataí, Alto da Lapa, São Paulo, SP, Brasil",,
"Rua Federação Paulista de Futebol, Várzea da Barra Funda, São Paulo, SP, Brasil",,
"Rua Guabiju, Tatuapé, São Paulo, SP, Brasil",-23.533462,-46.5823586
"Rua Antônio Batista, Jardim Marisa, São Paulo, SP, Brasil",-23.5085222,-46.757006
"Avenida José Joaquim Seabra, Jardim Ivana, São Paulo, SP, Brasil",,
"Rua Dias de Toledo, Saúde, São Paulo, SP, Brasil",-23.6137681,-46.6330523
"Rua Professora Lucinda Alves de Carvalho, Chácara Flora, São Paulo, SP, Brasil",-23.6462829,-46.6873406
"Rua Magalhães de Araújo, Jardim Guedala, São Paulo, SP, Brasil",,
"Avenida Doutor Chucri Zaidan, Vila Cordeiro, São Paulo, SP, Brasil",,
"Rua Ipopoca, Vila Carmosina, São Paulo, SP, Brasil",-23.5495882,-46.4484038
"Praça Doutor João Adhemar de Almeida Prado, Jardim Everest, São Paulo, SP, Brasil",,
"Avenida Doutor Gentil de Moura, Ipiranga, São Paulo, SP, Brasil",-23.6018673,-46.6055241
"Avenida Raimundo Pereira de Magalhães, Jardim Íris, São Paulo, SP, Brasil",,
"Rua Texas, Brooklin Paulista, São Paulo, SP, Brasil",,
"Rua Bartolomeu Dias, Jardim Textil, São Paulo, SP, Brasil",,
"Rua Padre Antônio de Sá, Tatuapé, São Paulo, SP, Brasil",-23.5368368,-46.5762488
"Rua Fidélis Papini, Vila Prudente, São Paulo, SP, Brasil",-23.580732,-46.577997
"Rua Humberto de Campos, Vila Guarani (Z Sul), São Paulo, SP, Brasil",,
"Rua Cajaíba, Vila Pompéia, São Paulo, SP, Brasil",-23.5354208,-46.6907653
"Rua Engenheiro Isaac Milder, Vila Morumbi, São Paulo, SP, Brasil",,
"Rua Padre Estevão Pernet, Vila Gomes Cardim, São Paulo, SP, Brasil",-23.5417053,-46.5658715
"Rua Carmo do Cajuru, Jardim Guedala, São Paulo, SP, Brasil",,
"Rua Fábio Lopes dos Santos Luz, Vila Andrade, São Paulo, SP, Brasil",-23.6321384,-46.7300378
"Rua Doutor José Manoel, Santa Cecília, São Paulo, SP, Brasil",-23.5373527,-46.6619152
"Rua dos Macunis, Vila Madalena, São Paulo, SP, Brasil",-23.5592541,-46.6960471
"Rua Carlos Cyrillo Júnior, Jardim Leonor, São Paulo, SP, Brasil",,
"Rua Maracaibo, Jardim Everest, São Paulo, SP, Brasil",,
"Rua Paulo Orozimbo, Cambuci, São Paulo, SP, Brasil",,
"Rua Bárbara Heliodora, Vila Romana, São Paulo, SP, Brasil",,
"Rua Venceslau Gomes da Silva, Jardim Vista Linda, São Paulo, SP, Brasil",,
"Rua Apamas, Indianópolis, São Paulo, SP, Brasil",-23.611554,-46.6645781
"Rua Doutor Franco da Rocha, Perdizes, São Paulo, SP, Brasil",-23.5373818,-46.6735586
"Rua Pangaré, Vila Butantã, São Paulo, SP, Brasil",,
"Rua Libânio, Vila Romano, São Paulo, SP, Brasil",,
"Rua Abegoaria, Jardim das Bandeiras, São Paulo, SP, Brasil",,
"Rua Tupiguaes, Santana, São Paulo, SP, Brasil",-23.5047408,-46.6391997
"Rua Conselheiro Moreira de Barros, Lauzane Paulista, São Paulo, SP, Brasil",-23.4833212,-46.6456114
"Rua Padre João Pedro Gay, Jardim Aparecida, São Paulo, SP, Brasil",,
"Avenida Professor José Maria Alkmin, Jardim Ester, São Paulo, SP, Brasil",-23.5771697,-46.7554396
"Viaduto Nove de Julho, Centro, São Paulo, SP, Brasil",,
"Rua das Pitombeiras, Vila Parque Jabaquara, São Paulo, SP, Brasil",,
"Rua Jacamar, Jardim Casablanca, São Paulo, SP, Brasil",,
"Rua das Margaridas, Jardim das Acácias, São Paulo, SP, Brasil",,
"Rua Mateus de Siqueira, Jardim Triana, São Paulo, SP, Brasil",,
"Rua Gandavo, Vila Clementino, São Paulo, SP, Brasil",-23.5918009,-46.6436185
"Rua Sílvio de Sousa, Vila Santa Clara, São Paulo, SP, Brasil",,
"Rua José Jannarelli, Vila Progredior, São Paulo, SP, Brasil",,
"Rua Itatupa, Vila Andrade, São Paulo, SP, Brasil",-23.6300267,-46.7326022
"Avenida Cipriano Rodrigues, Vila Formosa, São Paulo, SP, Brasil",-23.5734898,-46.5326094
"Avenida Rebouças, Cerqueira César, São Paulo, SP, Brasil",-23.5582174,-46.6680995
"Rua Doutor Artur Guimarães, Santana, São Paulo, SP, Brasil",-23.4909114,-46.6251617
"Rua Rosa Maria, Vila Gustavo, São Paulo, SP, Brasil",-23.4783811,-46.5957623
"Rua Fábia, Vila Romana, São Paulo, SP, Brasil",-23.5270812,-46.6991445
"Rua Mairinque, Vila Santos, São Paulo, SP, Brasil",,
"Rua Carlos Rath, Alto de Pinheiros, São Paulo, SP, Brasil",-23.5604915,-46.7047504
"Rua Coronel Irlandino Sandoval, Jardim Paulistano, São Paulo, SP, Brasil",,
"Rua Machado de Assis, Vila Mariana, São Paulo, SP, Brasil",-23.5797291,-46.6323596
"Rua José Fioravante, Jardim Raposo Tavares, São Paulo, SP, Brasil",-23.6005772,-46.7852581
"Rua Pedro, Vila Albertina, São Paulo, SP, Brasil",-23.4588131,-46.6184616
"Rua Serra de Jairé, Quarta Parada, São Paulo, SP, Brasil",,
"Rua Abraão Miguel do Carmo, Vila Monte Alegre, São Paulo, SP, Brasil",,
"Alameda dos Guaicanãs, Planalto Paulista, São Paulo, SP, Brasil",-23.6146588,-46.6466449
"Rua Pitangueiras, Mirandópolis, São Paulo, SP, Brasil",-23.6100427,-46.6387463
"Rua Comendador Elias Zarzur, Santo Amaro, São Paulo, SP, Brasil",-23.6495521,-46.7005875
"Rua Visconde de Taunay, Vila Cruzeiro, São Paulo, SP, Brasil",,
"Rua Álvaro Luís Roberto de Assumpção, Campo Belo, São Paulo, SP, Brasil",-23.6186259,-46.6779333
"Via Anchieta, Vila Vermelha, São Paulo, SP, Brasil",,
"Rua Pedro Madureira, Jardim São Paulo(Zona Norte), São Paulo, SP, Brasil",,
"Rua Itaquera, Pacaembu, São Paulo, SP, Brasil",-23.5511517,-46.6644033
"Rua Salim Izar, Vila Progredior, São Paulo, SP, Brasil",,
"Rua Araré, Chácara Inglesa, São Paulo, SP, Brasil",-23.6093672,-46.6362593
"Rua Barão de Pirapama, Jardim Leonor, São Paulo, SP, Brasil",,
"Rua Senador Vergueiro, Santo Amaro, São Paulo, SP, Brasil",-23.6463681,-46.6936025
"Avenida Conselheiro Rodrigues Alves, Vila Mariana, São Paulo, SP, Brasil",-23.5844396,-46.6432558
"Rua João Franco Lima, Jardim Catanduva, São Paulo, SP, Brasil",,
"Rua Charles Spencer Chaplin, Vila Andrade, São Paulo, SP, Brasil",-23.6240082,-46.7340776
"Rua Professor Aprígio Gonzaga, São Judas, São Paulo, SP, Brasil",-23.6247279,-46.6339668
"Rua Epaminondas Luis Amorim, Lauzane Paulista, São Paulo, SP, Brasil",-23.4705929,-46.6418856
"Rua Doutor Miranda de Azevedo, Vila Anglo Brasileira, São Paulo, SP, Brasil",-23.5350346,-46.6944499
"Rua Guajurus, Jardim São Paulo(Zona Norte), São Paulo, SP, Brasil",,
"Rua Tujucuê, Chácara Mafalda, São Paulo, SP, Brasil",,
"Rua Angatuba, Pacaembu, São Paulo, SP, Brasil",-23.5530234,-46.6667326
"Rua Iaiá, Itaim Bibi, São Paulo, SP, Brasil",-23.5866656,-46.6782806
"Rua Antônio Júlio dos Santos, Fazenda Morumbi, São Paulo, SP, Brasil",,
"Rua Bandeirante Sampaio Soares, Vila Morumbi, São Paulo, SP, Brasil",,
"Rua Lázaro Augusto Alves, Pinheiros, São Paulo, SP, Brasil",-23.5684712,-46.6973906
"Rua Coronel Luís Barroso, Santo Amaro, São Paulo, SP, Brasil",-23.6469973,-46.7049017
"Rua Martins Bonilha, Alto da Mooca, São Paulo, SP, Brasil",,
"Rua Iperana, Quarta Parada, São Paulo, SP, Brasil",,
"Rua Afonso Bandeira de Melo, Campo Belo, São Paulo, SP, Brasil",-23.6211856,-46.6655679
"Rua José Flávio, Penha de França, São Paulo, SP, Brasil",-23.5245916,-46.5352597
"Rua Barão de Jaguara, Mooca, São Paulo, SP, Brasil",,
"Rua Paratiquara, Vila Alpina, São Paulo, SP, Brasil",-23.5973666,-46.5579005
"Rua Virgílio Várzea, Itaim Bibi, São Paulo, SP, Brasil",-23.5833405,-46.6730263
"Rua Margarida de Lima, Tatuapé, São Paulo, SP, Brasil",-23.533815,-46.5748257
"Rua João Alberto Sales, Jardim Palmares (Zona Sul), São Paulo, SP, Brasil",,
"Rua Engenheiro César, Santana, São Paulo, SP, Brasil",-23.4934079,-46.6309482
"Avenida Itacira, Planalto Paulista, São Paulo, SP, Brasil",-23.6240544,-46.6446858
"Avenida Sapopemba, Vila Regente Feijó, São Paulo, SP, Brasil",-23.5700616,-46.5696294
"Rua Francisco José da Silva, Vila Andrade, São Paulo, SP, Brasil",-23.6266996,-46.7425684
"Rua Doutor Alfredo Ellis, Bela Vista, São Paulo, SP, Brasil",-23.5633136,-46.6442848
"Rua Bento José Borba, Parque Primavera, São Paulo, SP, Brasil",,
"Rua Pacheco de Miranda, Jardim Paulista, São Paulo, SP, Brasil",,
"Praça Roquete Pinto, Pinheiros, São Paulo, SP, Brasil",-23.558433,-46.6990391
"Rua Dois de Julho, Ipiranga, São Paulo, SP, Brasil",-23.5955646,-46.5973807
"Rua São Januário, Parada Inglesa, São Paulo, SP, Brasil",,
"Rua Cassiano Ricardo, Jardim Cordeiro, São Paulo, SP, Brasil",,
"Rua Gino, Chácara Belenzinho, São Paulo, SP, Brasil",,
"Rua Itajaí, Mooca, São Paulo, SP, Brasil",-23.5515585,-46.6020535
"Rua Geraldo Beting, Jardim Germânia, São Paulo, SP, Brasil",-23.6496292,-46.7533884
"Rua Patrocínio do Sapucaí, Jardim São Paulo(Zona Norte), São Paulo, SP, Brasil",,
"Avenida Dezenove de Janeiro, Vila Carrão, São Paulo, SP, Brasil",-23.5580793,-46.5225636
"Rua Guaipá, Vila Leopoldina, São Paulo, SP, Brasil",-23.5212608,-46.7304877
"Rua Antônio Gil, Jardim Alzira, São Paulo, SP, Brasil",,
"Travessa da Estrela Sírius, Cerqueira César, São Paulo, SP, Brasil",-23.5658826,-46.6647833
"Rua Barbacena, Jardim Ana Rosa, São Paulo, SP, Brasil",,
"Rua Pedro de Godói, Parque da Vila Prudente, São Paulo, SP, Brasil",,
"Rua Padre Luís Roth, Vila Morse, São Paulo, SP, Brasil",,
"Avenida Doutor Ricardo Jafet, Vila Firmiano Pinto, São Paulo, SP, Brasil",-23.6019299,-46.6247375
"Praça Alexandre Fleming, Vila Cláudia, São Paulo, SP, Brasil",,
"Rua Belchior de Azevedo, Vila Leopoldina, São Paulo, SP, Brasil",-23.5198165,-46.7248917
"Rua Miranda Guerra, Jardim Petrópolis, São Paulo, SP, Brasil",-23.6341293,-46.6856632
"Rua Augusto dos Anjos, Vila Cordeiro, São Paulo, SP, Brasil",,
"Avenida Martin Luther King, Cidade São Francisco, São Paulo, SP, Brasil",,
"Rua Monte Aprazível, Vila Nova Conceição, São Paulo, SP, Brasil",,
"Rua Coronel Domingos Ferreira, Vila Firmiano Pinto, São Paulo, SP, Brasil",-23.5984202,-46.6176494
"Rua Professor Nicolau de Morais Barros, Jardim das Bandeiras, São Paulo, SP, Brasil",,
"Avenida Vila Ema, Vila Prudente, São Paulo, SP, Brasil",-23.5785003,-46.5742155
"Avenida do Cursino, Vila Moraes, São Paulo, SP, Brasil",,
"Rua Teixeira de Melo, Tatuapé, São Paulo, SP, Brasil",-23.5381165,-46.5736662
"Rua Deolinda Rodrigues, Jardim Ester, São Paulo, SP, Brasil",-23.5824985,-46.7648889
"Avenida Doutor Lino de Moraes Leme, Vila Paulista, São Paulo, SP, Brasil",,
"Rua Ministro Ferreira Alves, Perdizes, São Paulo, SP, Brasil",-23.5303713,-46.6843488
"Rua Doutor Heládio, Vila Esperança, São Paulo, SP, Brasil",-23.5298141,-46.523173
"Rua Marquês de Sabará, Real Parque, São Paulo, SP, Brasil",,
"Rua Cataguaz, Vila Congonhas, São Paulo, SP, Brasil",,
"Rua Mairinque, Vila Clementino, São Paulo, SP, Brasil",,
"Rua Doutor Dolzani, Jardim da Glória, São Paulo, SP, Brasil",-23.5796128,-46.620601
"Rua Barão de Campos Gerais, Real Parque, São Paulo, SP, Brasil",,
"Rua Santo Alberto, Vila São Pedro, São Paulo, SP, Brasil",-23.6346413,-46.5282804
"Rua Demóstenes, Campo Belo, São Paulo, SP, Brasil",-23.6196852,-46.6696834
"Rua Canário, Moema, São Paulo, SP, Brasil",-23.5977236,-46.6636365
"Avenida Diógenes Ribeiro de Lima, Alto de Pinheiros, São Paulo, SP, Brasil",-23.5385008,-46.7194322
"Avenida Duque de Caxias, Santa Efigênia, São Paulo, SP, Brasil",,
"Rua Iraúna, Jardim Novo Mundo, São Paulo, SP, Brasil",,
"Rua Eulo Maroni, Vila Lageado, São Paulo, SP, Brasil",,
"Rua Mergenthaler, Vila Leopoldina, São Paulo, SP, Brasil",-23.5318893,-46.7416643
"Rua André Mendes, Jardim da Saúde, São Paulo, SP, Brasil",-23.6160553,-46.6225557
"Rua Primeiro de Março, Vila Clementino, São Paulo, SP, Brasil",,
"Rua Caetano Pinto, Brás, São Paulo, SP, Brasil",-23.5491138,-46.6209181
"Rua São Félix de Cantalício, Jardim Aricanduva, São Paulo, SP, Brasil",,
"Rua Borges de Figueiredo, Mooca, São Paulo, SP, Brasil",-23.5629727,-46.6046942
"Rua Arinaia, Belenzinho, São Paulo, SP, Brasil",,
"Rua Salvador Fiordelisio, Vila Bertioga, São Paulo, SP, Brasil",,
"Rua Santa Teresa de Ávila, Jardim São José (Zona Norte), São Paulo, SP, Brasil",,
"Rua Bartolomeu Feio, Vila Cordeiro, São Paulo, SP, Brasil",,
"Rua Dante Carraro, Pinheiros, São Paulo, SP, Brasil",-23.567688,-46.6856715
"Rua Anália Franco, Vila Regente Feijó, São Paulo, SP, Brasil",,
"Rua Rui Martins, Alto da Mooca, São Paulo, SP, Brasil",,
"Rua Alcino Braga, Paraíso, São Paulo, SP, Brasil",-23.5753134,-46.6497816
"Rua Maria Figueiredo, Paraíso, São Paulo, SP, Brasil",-23.5712645,-46.649473
"Rua dos Jacintos, Mirandópolis, São Paulo, SP, Brasil",-23.6051643,-46.64004
"Rua Helion Póvoa, Vila Olímpia, São Paulo, SP, Brasil",-23.5983376,-46.6754799
"Rua Conselheiro Fernandes Torres, Pacaembu, São Paulo, SP, Brasil",,
"Rua Olavo Bilac, Vila Sofia, São Paulo, SP, Brasil",,
"Rua Vicente Romano, Parque da Mooca, São Paulo, SP, Brasil",-23.5720407,-46.5931242
"Rua da Meação, Vila Regente Feijó, São Paulo, SP, Brasil",,
"Rua Coronel Jordão, Vila Paiva, São Paulo, SP, Brasil",,
"Rua dos Democratas, Vila Monte Alegre, São Paulo, SP, Brasil",-23.6289213,-46.6370795
"Rua Murajuba, Alto de Pinheiros, São Paulo, SP, Brasil",-23.5443018,-46.7136579
"Rua Nilza Medeiros Martins, Jardim Colombo, São Paulo, SP, Brasil",,
"Rua Alves de Almeida, Chácara Belenzinho, São Paulo, SP, Brasil",,
"Rua Eduardo Carlos Pereira, Vila Dom Pedro I, São Paulo, SP, Brasil",-23.598536,-46.6145925
"Rua Itaiteva, Jardim Ampliação, São Paulo, SP, Brasil",,
"Rua Antônio de Barros, Vila Carrão, São Paulo, SP, Brasil",-23.5433632,-46.5567405
"Rua Florianópolis, Vila Bertioga, São Paulo, SP, Brasil",,
"Rua Tijuco Preto, Tatuapé, São Paulo, SP, Brasil",-23.5439896,-46.571665
"Estrada Velha da Penha, Tatuapé, São Paulo, SP, Brasil",-23.5287854,-46.5557384
"Avenida Parada Pinto, Vila Nova Cachoeirinha, São Paulo, SP, Brasil",,
"Avenida Almyr Dehar, Brasilândia, São Paulo, SP, Brasil",-23.4637593,-46.6991205
